id;name;ac;hp;bab;attacks;color_metal;color_minor;color_major;color_skin;color_leather;color_armor;color_hair;str;dex;con;int;wis;cha;race
00ARIF;Arif ab'd Bashshar;10;100;0;0;27;66;63;114;21;27;0;18;18;14;10;10;8;1
00BASHSH;Bashshar al Rachid;60;56;6;0;30;37;45;12;23;28;0;18;19;14;14;15;15;175
00BUG;Bugbear;13;40;0;0;30;37;39;12;23;28;0;15;12;13;10;10;9;180
00CHI;Chicken;10;4;0;1;30;37;57;12;23;28;0;5;8;7;3;3;7;255
00COW;Cow;10;8;0;1;30;37;57;12;23;28;0;7;7;7;3;3;7;255
00COWDED;Cow;10;8;0;1;30;37;57;12;23;28;0;7;7;7;3;3;7;255
00DOG;Dog;10;6;0;1;30;37;57;12;23;28;0;7;8;7;5;5;7;255
00DOGDED;Dog;10;6;0;1;30;37;57;12;23;28;0;7;8;7;5;5;7;255
00GOB;Goblin;14;6;0;0;30;37;51;12;23;28;0;9;9;9;7;7;7;155
00GOBAR;Goblin Archer;14;5;0;0;30;37;51;12;23;28;0;8;13;11;10;11;8;155
00GOBARE;Goblin Archer Elite;14;14;0;0;30;37;58;12;23;28;0;10;13;11;10;11;8;155
00GOBE;Goblin Elite;14;9;1;0;30;37;58;12;23;28;0;12;13;11;10;11;8;155
00HADYA;Hadya ab'd Bashshar;10;60;0;0;27;66;66;114;21;27;0;18;18;12;10;10;8;1
00HAGOB;Half-Goblin;13;21;3;1;0;91;29;20;22;21;7;14;16;16;12;12;10;155
00HOB;Hobgoblin;13;10;0;0;30;66;58;19;23;30;0;11;13;13;10;10;10;111
00HOBAR;Hobgoblin Archer;13;10;0;0;30;66;58;19;23;30;0;11;13;13;10;10;10;111
00HUMDED;Humanoid Remains;10;1;0;1;30;39;49;15;23;28;0;9;9;9;9;9;9;0
00JABIR;Jabir ab'd Bashshar;10;40;0;0;27;66;63;114;21;27;0;10;14;10;16;10;18;1
00NUR;Nur ab'd Bashshar;0;40;0;0;27;66;63;114;21;27;0;10;14;10;16;10;18;1
00OCHX;Ochre Jelly;9;60;3;1;30;37;51;12;23;28;0;15;3;15;10;3;3;119
00OGR;Ogre;17;29;0;0;30;47;41;10;23;30;0;21;8;15;6;10;7;113
00ORCAR;Orc Archer;14;18;0;0;30;37;48;12;23;28;0;12;14;11;9;8;8;160
00ORCARE;Orc Archer Elite;14;21;0;0;30;37;49;12;23;28;0;12;16;11;9;8;8;160
00OROBLA;Orog;16;21;2;0;30;37;59;12;23;28;0;18;10;12;9;9;9;160
00RAT;Rat;10;2;0;1;30;37;57;12;23;28;0;5;8;7;3;3;7;255
00ROGBAS;Rogue;0;60;0;0;27;47;66;114;21;27;0;10;18;13;10;10;14;1
00SABGD;Apocalyptic Boneguard;24;116;15;3;30;37;57;12;23;28;0;28;18;18;9;9;9;115
00SABISW;Lesser White Abishai;14;3;4;3;30;37;57;12;23;28;0;13;15;15;10;12;12;164
00SABOR;Arctic Boar;16;25;3;1;30;37;3;12;23;28;0;16;10;17;3;13;4;255
00SAIR04;Lesser Air Elemental;17;26;7;1;30;37;57;14;23;28;0;12;21;14;4;11;11;152
00SAIR12;Air Elemental;13;60;10;2;30;37;57;14;23;28;0;14;25;16;6;11;11;152
00SAIR16;Air Elemental;11;136;15;3;30;37;57;14;23;28;0;18;29;18;6;11;11;152
00SAIR20;Greater Air Elemental;16;178;19;3;30;37;57;14;23;28;0;20;31;18;6;11;11;152
00SAIR24;Elder Air Elemental;16;204;21;4;30;37;57;14;23;28;0;22;33;18;6;11;11;152
00SARSKL;Armored Skeleton;15;28;6;1;30;37;57;14;23;28;0;16;15;16;9;9;9;115
00SASERV;Aerial Servant;17;128;15;2;30;37;57;14;23;28;0;22;22;15;6;10;9;152
00SBBER;Black Bear;12;25;2;3;30;37;57;12;23;28;0;19;13;15;3;12;6;103
00SBEETL;Beetle;15;7;0;0;30;37;53;12;23;28;0;11;14;11;4;12;9;150
00SBGD;Boneguard Skeleton;16;36;8;2;30;37;57;14;23;28;0;14;17;18;9;9;9;115
00SBRSK1;Berserk Warrior;10;69;4;0;30;37;53;12;23;28;0;18;17;16;9;9;9;1
00SBRSK2;Berserk Warrior;10;69;4;0;30;37;53;12;23;28;0;18;17;16;9;9;9;1
00SBRSK3;Berserk Warrior;10;69;4;0;30;37;53;12;23;28;0;18;17;16;9;9;9;1
00SBRSKR;Berserk Warrior;10;48;4;0;30;37;53;12;23;28;0;16;16;16;9;9;9;1
00SBSC;Bone Scavenger;16;88;0;0;30;37;20;12;23;28;0;19;12;15;6;12;9;118
00SBTL11;Bombardier Beetle;16;24;1;1;30;37;57;14;23;28;0;15;18;15;3;3;3;150
00SBTL13;Boring Beetle;17;36;5;1;30;37;57;14;23;28;0;15;18;15;3;3;3;150
00SBTL15;Rhinoceros Beetle;18;84;8;2;30;37;57;14;23;28;0;15;18;16;3;3;3;150
00SBTL7;Fire Beetle;16;15;1;1;30;37;57;14;23;28;0;15;18;15;3;3;3;150
00SBTL9;Beetle;16;24;1;1;30;37;57;14;23;28;0;15;18;15;3;3;3;150
00SBWHT;Barrow Wight;22;100;15;2;30;37;57;12;23;28;0;16;25;18;9;9;9;115
00SCAT;Cat;12;4;4;3;30;33;58;9;22;64;75;10;17;11;10;12;7;255
00SCBER;Cave Bear;14;56;3;3;30;37;57;12;23;28;0;27;13;19;3;12;6;103
00SCBNS;Cold Bones;18;78;15;2;30;37;57;17;23;28;0;18;18;16;9;9;9;115
00SCCR;Carrion Crawler;17;19;5;5;30;37;57;14;23;28;0;14;15;14;3;15;3;151
00SCHZMB;Chosen Zombie;14;28;5;1;30;37;57;14;23;28;0;16;15;16;9;9;9;167
00SCRD;Creeping Doom;15;175;14;2;30;37;57;12;23;28;0;12;20;12;9;9;9;255
00SCRN;Cornugon;24;82;10;3;30;37;57;12;23;28;0;21;12;17;14;14;14;164
00SCYC;Cyclops;16;102;0;0;30;37;57;12;23;28;0;25;8;19;6;10;17;153
00SDBER;Dire Bear;16;120;8;3;0;0;55;0;0;0;0;31;13;19;3;12;6;103
00SDCRN;Cornugon;25;40;15;3;30;37;57;12;23;28;0;21;12;17;14;14;14;164
00SDCYC;Cyclops;16;40;0;0;30;37;57;12;23;28;0;25;8;19;6;10;17;153
00SDFGNT;Frost Giant;21;53;0;0;30;37;57;12;23;28;0;29;9;21;10;10;10;153
00SDGLB;Glabrezu;24;42;9;4;30;37;57;12;23;28;0;25;10;19;16;16;16;164
00SDGWLF;Greater Werewolf;18;48;0;0;30;37;84;12;23;28;0;18;16;16;10;10;10;117
00SDHRP;Greater Feyr;24;50;15;4;30;37;88;15;23;28;0;16;19;15;14;18;3;255
00SDJI;Djinni;12;45;0;0;30;37;57;14;23;28;0;18;19;14;14;15;15;175
00SDND;Drowned Dead;20;96;0;0;30;37;57;12;23;28;0;22;16;18;9;9;9;167
00SDOG;Dog;12;10;1;1;30;37;57;12;23;28;0;13;17;15;3;12;6;255
00SDRABA;Red Abishai;18;24;0;0;30;37;57;12;23;28;0;17;17;17;12;14;16;164
00SDRAT;Dire Rat;12;7;4;1;30;37;57;12;23;28;0;10;17;12;3;12;4;255
00SDREM;Remorhaz;19;48;0;0;30;37;57;12;23;28;0;26;13;21;5;12;10;255
00SDSAL;Salamander;17;20;7;2;30;37;50;12;23;28;0;14;13;12;14;15;13;161
00SDSCG;Scrag;12;25;0;0;30;37;57;12;23;28;0;23;14;23;6;9;6;165
00SDUHK;Umber Hulk;16;27;0;0;30;37;80;12;23;28;0;23;13;19;9;11;13;166
00SDWLF;Dire Wolf;14;60;3;2;30;37;57;12;23;28;0;25;15;17;3;12;10;117
00SDYET;Yeti;17;22;9;2;30;37;71;12;23;28;0;20;12;16;8;10;11;189
00SEAR04;Lesser Earth Elemental;19;30;3;1;30;37;57;14;23;28;0;21;8;17;4;11;11;152
00SEAR12;Earth Elemental;19;68;6;2;30;37;57;14;23;28;0;25;8;19;6;11;11;152
00SEAR16;Earth Elemental;19;152;10;3;30;37;57;14;23;28;0;29;8;21;6;11;11;152
00SEAR20;Greater Earth Elemental;21;199;13;3;30;37;57;14;23;28;0;31;8;21;6;11;11;152
00SEAR24;Elder Earth Elemental;23;228;16;4;30;37;57;14;23;28;0;33;8;21;6;11;11;152
00SEFRET;Efreeti;17;68;0;0;30;37;57;14;23;28;0;23;17;14;12;15;15;175
00SEGBGD;Elite Greater Boneguard;20;84;14;3;30;37;57;14;23;28;0;20;18;18;9;9;9;115
00SELZDS;Elite Lizardman;14;33;0;0;30;37;57;12;23;28;0;13;10;13;9;10;10;157
00SENORO;Elite Neo Orog;15;24;0;0;30;37;57;12;23;28;0;16;12;14;10;10;10;160
00SETN;Ettin;18;65;0;0;30;37;40;12;23;28;0;23;8;15;6;10;11;153
00SFDND;Festering Drowned Dead;25;136;15;2;30;37;57;12;23;28;0;30;18;18;9;9;9;167
00SFIR04;Lesser Fire Elemental;13;26;5;1;30;37;57;14;23;28;0;12;17;14;4;11;11;152
00SFIR12;Fire Elemental;13;60;8;2;30;37;57;14;23;28;0;14;21;16;6;11;11;152
00SFIR16;Fire Elemental;12;136;13;3;30;37;57;14;23;28;0;18;25;18;6;11;11;152
00SFIR20;Greater Fire Elemental;16;178;16;3;30;37;57;14;23;28;0;20;27;18;6;11;11;152
00SFIR24;Fire Elemental;16;204;19;4;30;37;57;14;23;28;0;22;29;18;6;11;11;152
00SFRGNT;Frost Giant;21;125;0;0;30;37;57;12;23;28;0;29;9;21;10;10;10;153
00SFSAL;Frost Salamander;15;45;0;0;30;37;68;12;23;28;0;14;13;12;14;15;13;161
00SGDND;Greater Drowned Dead;20;84;14;2;30;37;67;12;23;28;0;24;18;18;9;9;9;167
00SGFYR;Greater Feyr;24;128;15;4;30;37;88;15;23;28;0;16;19;15;14;18;3;255
00SGLB;Glabrezu;27;85;9;4;30;37;57;12;23;28;0;25;10;19;16;16;16;164
00SGMUM;Greater Mummy;18;84;9;1;30;37;59;12;23;28;0;20;12;18;9;14;12;167
00SGOBLN;Goblin;14;10;0;0;30;37;51;12;23;28;0;8;13;11;10;11;8;155
00SGRBGD;Greater Boneguard;18;52;12;2;30;37;57;14;23;28;0;20;16;18;9;9;9;115
00SGSPI;Giant Spider;16;35;7;1;30;37;57;12;23;28;0;18;18;16;4;4;9;116
00SGVPR;Giant Viper;14;55;5;2;30;37;57;12;23;28;0;14;22;14;3;12;3;255
00SGWWLF;Greater Werewolf;18;120;0;0;30;37;84;12;23;28;0;20;20;16;10;10;10;117
00SHKH;Hook Horror;15;45;0;0;30;37;57;12;23;28;0;18;16;15;9;9;9;181
00SINV;Invisible Stalker;13;64;6;2;30;37;57;14;23;28;0;18;19;14;14;15;11;152
00SLAIR;Lesser Air Elemental;13;60;10;0;30;37;57;14;23;28;0;14;25;16;6;11;11;152
00SLEAR;Lesser Earth Elemental;19;68;4;2;30;37;57;14;23;28;0;25;8;19;6;11;11;152
00SLFIRE;Lesser Fire Elemental;13;60;8;0;30;37;57;14;23;28;0;14;21;16;6;11;11;152
00SLMR;Lemure;13;16;2;2;30;37;57;12;23;28;0;10;10;10;3;11;5;164
00SLWAT;Lesser Water Elemental;18;68;6;0;30;37;57;14;23;28;0;18;14;19;6;11;11;152
00SMBER;Mountain Bear;11;76;3;2;30;37;57;12;23;28;0;27;13;19;3;12;6;103
00SMIN;Minotaur;12;40;0;0;30;37;57;12;23;28;0;19;10;15;7;10;8;179
00SMUM;Mummy;17;42;0;0;30;37;57;12;23;28;0;17;8;15;6;14;15;167
00SMUMK;Mummy King;20;100;15;2;30;37;57;12;23;28;0;20;18;16;9;9;9;167
00SOLBAS;Mercenary;0;60;0;0;27;47;63;114;21;27;0;17;14;16;10;10;10;1
00SORC;Orc;14;12;0;0;30;37;48;12;23;28;0;15;10;11;9;8;8;160
00SOTY;Otyugh;17;60;0;0;30;37;69;12;23;28;0;11;10;13;5;12;6;255
00SPBER;Polar Bear;14;76;5;2;30;37;57;12;23;28;0;27;13;19;3;12;6;103
00SPITFI;Gelugon;27;96;14;5;30;37;57;14;23;28;0;23;13;21;22;22;16;164
00SPNT;Panther;11;25;3;3;30;37;57;12;23;28;0;16;19;15;3;12;6;255
00SPOZMB;Poison Zombie;14;32;6;2;30;37;57;14;23;28;0;14;16;16;9;9;9;167
00SPSPI;Phase Spider;15;44;8;2;30;37;57;12;23;28;0;14;18;16;4;4;9;116
00SRABA;Red Abishai;18;36;6;4;30;37;57;12;23;28;0;17;17;17;12;14;16;164
00SREM;Remorhaz;19;120;0;0;30;37;57;12;23;28;0;26;13;21;5;12;10;255
00SRMYC;Red Myconid;10;42;0;0;30;37;57;12;23;28;0;18;16;15;10;12;10;159
00SS2304;;0;1;0;0;0;0;55;0;0;0;0;3;3;3;3;3;3;0
00SSAL;Salamander;17;56;0;0;30;37;70;12;23;28;0;14;13;12;14;15;13;161
00SSCG;Scrag;12;63;0;0;30;37;57;12;23;28;0;23;14;23;6;9;6;165
00SSCRN;Cornugon;25;20;15;3;30;37;57;12;23;28;0;21;12;17;14;14;14;164
00SSCYC;Cyclops;16;20;0;0;30;37;57;12;23;28;0;25;8;19;6;10;17;153
00SSDW12;Shadow;11;40;0;0;30;37;57;12;23;28;0;14;14;14;6;12;13;167
00SSDW15;Shadow;11;61;0;0;30;37;57;12;23;28;0;14;14;14;6;12;13;167
00SSDW19;Shadow;15;89;0;0;30;37;57;12;23;28;0;14;14;14;6;12;13;167
00SSDW21;Shadow;15;103;0;0;30;37;57;12;23;28;0;14;14;14;6;12;13;167
00SSDW9;Shadow;11;19;0;0;30;37;57;12;23;28;0;14;14;14;6;12;13;167
00SSFGNT;Frost Giant;21;25;0;0;30;37;57;12;23;28;0;29;9;21;10;10;10;153
00SSGLB;Glabrezu;24;21;9;4;30;37;57;12;23;28;0;25;10;19;16;16;16;164
00SSGWLF;Greater Werewolf;18;24;0;0;30;37;84;12;23;28;0;20;20;16;10;10;10;117
00SSHCRN;Cornugon;25;60;15;3;30;37;57;12;23;28;0;21;12;17;14;14;14;164
00SSHCYC;Cyclops;16;61;0;0;30;37;57;12;23;28;0;25;8;19;6;10;17;153
00SSHFGT;Frost Giant;21;79;0;0;30;37;57;12;23;28;0;29;9;21;10;10;10;153
00SSHGLB;Glabrezu;24;62;9;4;30;37;57;12;23;28;0;25;10;19;16;16;16;164
00SSHGWF;Greater Werewolf;18;72;0;0;30;37;84;12;23;28;0;20;20;16;10;10;10;117
00SSHHRP;Greater Feyr;24;76;15;4;30;37;88;15;23;28;0;16;19;15;14;18;3;255
00SSHM;Shambling Mound;18;96;0;0;30;37;57;14;23;28;0;21;10;17;7;10;9;152
00SSHRAB;Red Abishai;18;24;0;0;30;37;57;12;23;28;0;17;17;17;12;14;16;164
00SSHREM;Remorhaz;19;72;0;0;30;37;57;12;23;28;0;26;13;21;5;12;10;255
00SSHRP;Greater Feyr;24;25;15;4;30;37;88;15;23;28;0;16;19;15;14;18;3;255
00SSHSAL;Salamander;17;38;7;2;30;37;50;12;23;28;0;14;13;12;14;15;13;161
00SSHSCG;Scrag;12;38;0;0;30;37;57;12;23;28;0;23;14;23;6;9;6;165
00SSHUHK;Umber Hulk;16;40;0;0;30;37;80;12;23;28;0;23;13;19;9;11;13;166
00SSHYET;Yeti;17;44;9;2;30;37;71;12;23;28;0;20;12;16;8;10;11;189
00SSKL;Skeleton;13;24;3;1;30;37;57;14;23;28;0;12;15;15;9;9;9;115
00SSKLAR;Skeleton Archer;13;21;3;1;30;37;57;14;23;28;0;12;15;15;9;9;9;115
00SSLON;Spotted Lion;13;50;5;3;30;37;57;12;23;28;0;21;17;15;3;12;6;255
00SSNK;Snake;14;18;4;1;30;37;57;12;23;28;0;10;17;11;3;12;3;255
00SSPIDR;Spider;11;10;0;0;30;37;73;12;23;28;0;7;17;10;3;10;3;116
00SSRABA;Red Abishai;18;12;0;0;30;37;57;12;23;28;0;17;17;17;12;14;16;164
00SSREM;Remorhaz;19;24;0;0;30;37;57;12;23;28;0;26;13;21;5;12;10;255
00SSSAL;Salamander;17;10;7;2;30;37;50;12;23;28;0;14;13;12;14;15;13;161
00SSSCG;Scrag;12;12;0;0;30;37;57;12;23;28;0;23;14;23;6;9;6;165
00SSSPI;Sword Spider;17;45;8;4;30;37;69;12;23;28;0;14;18;16;4;4;9;116
00SSUHK;Umber Hulk;16;14;0;0;30;37;80;12;23;28;0;23;13;19;9;11;13;166
00SSYET;Yeti;17;11;9;2;30;37;71;12;23;28;0;20;12;16;8;10;11;189
00SUHK;Umber Hulk;16;68;0;0;30;37;80;12;23;28;0;23;13;19;9;11;13;166
00SVPR;Viper;15;36;5;1;30;37;57;12;23;28;0;10;19;13;3;12;3;255
00SVPRG;Viper;12;15;0;0;30;37;70;12;23;28;0;10;17;11;3;12;3;255
00SWAT04;Lesser Water Elemental;18;30;3;1;30;37;57;14;23;28;0;16;12;17;4;11;11;152
00SWAT12;Water Elemental;16;68;5;2;30;37;57;14;23;28;0;20;14;19;6;11;11;152
00SWAT16;Water Elemental;17;152;10;3;30;37;57;14;23;28;0;24;18;21;6;11;11;152
00SWAT20;Water Elemental;17;199;13;3;30;37;57;14;23;28;0;26;20;21;6;11;11;152
00SWAT24;Water Elemental;17;228;16;4;30;37;57;14;23;28;0;28;22;21;6;11;11;152
00SWLF;Wolf;12;19;2;1;30;37;57;12;23;28;0;13;15;15;3;12;6;117
00SWOLF;Wolf;12;13;0;0;30;37;62;12;23;28;0;13;15;15;3;12;6;117
00SWRG;Worg;12;55;6;2;30;37;57;12;23;28;0;21;14;17;6;14;10;117
00SWTWLF;Winter Wolf;14;62;5;1;30;37;57;12;23;28;0;18;13;16;9;13;10;117
00SWWLF;Werewolf;14;18;0;0;30;37;57;12;23;28;0;13;15;15;10;10;10;255
00SWYV;Wyvern;16;63;0;0;30;37;57;14;23;28;0;19;12;15;6;12;9;118
00SYETI;Yeti;17;56;0;0;30;37;57;12;23;28;0;18;16;15;9;12;10;189
00SZMB;Zombie;12;16;1;1;30;37;57;14;23;28;0;15;12;15;9;9;9;167
00SZMBL2;Greater Zombie Lord;20;90;16;2;30;37;57;14;23;28;0;20;16;18;9;9;9;167
00SZMBLO;Zombie Lord;18;60;14;2;30;37;57;14;23;28;0;16;15;18;9;9;9;167
00WELP;Young Barghest Whelp;14;35;5;2;30;37;51;12;23;28;0;16;15;13;14;14;14;164
00WORGBD;Worg;12;18;-2;0;30;37;64;12;23;28;0;17;15;15;6;14;10;117
00WORGRA;Goblin;14;20;0;0;0;91;29;20;29;21;7;8;13;11;10;11;8;155
00WORGRD;Goblin;14;20;0;0;0;91;29;20;29;21;7;8;13;11;10;11;9;155
10AENGS;Aengus Renton;10;8;0;0;30;37;57;12;23;28;0;9;9;9;9;9;9;1
10ARCHER;Archer;10;5;0;0;30;37;57;12;23;28;2;11;12;11;9;9;9;1
10BLACK;Black Geoffrey;10;28;0;0;30;75;66;13;21;28;0;18;16;16;11;13;10;1
10BLANC;Blanchard Pike;10;28;0;0;30;38;54;12;23;28;1;13;18;12;11;13;10;1
10BROGAN;Brogan;10;6;0;0;30;37;57;12;23;28;2;12;11;12;9;9;9;1
10CATF;Cat;10;3;0;0;30;33;58;9;22;64;75;11;18;11;11;11;11;255
10CATW;Cat;10;4;0;0;30;33;58;9;22;64;75;11;18;11;11;11;11;255
10CRANDA;Crandall;10;6;0;0;30;37;57;12;23;28;4;12;11;12;9;9;9;1
10DOCK1;Dockhand;10;6;0;0;30;38;42;13;23;28;6;11;12;12;9;10;9;1
10DOCK2;Dockhand;10;6;0;0;30;40;38;12;23;28;0;11;12;12;9;10;9;1
10DOP;Doppelganger;14;32;3;2;39;38;65;12;23;30;0;12;13;12;13;14;13;106
10ELDGUL;Eldgull;10;5;0;0;30;42;43;13;23;28;5;9;15;9;9;9;9;1
10FEM1;Townsperson;10;3;0;0;30;38;59;12;23;28;0;11;9;12;9;10;9;1
10FEM2;Townsperson;10;3;0;0;30;42;65;12;23;28;2;11;9;12;9;10;9;1
10FEM3;Townsperson;10;3;0;0;30;42;49;12;23;28;4;11;9;12;9;10;9;1
10FIRTH;Firtha Kerdos;10;2;0;0;30;42;63;10;22;64;79;11;11;11;11;11;11;1
10FIRTHH;Firtha Kerdos;10;2;0;0;30;42;63;10;22;64;79;11;11;11;11;11;11;1
10GOB;Goblin;11;4;0;0;30;37;51;12;23;28;0;8;13;11;10;11;8;155
10GOBAR;Goblin Archer;11;4;0;0;30;37;51;12;23;28;0;8;13;11;10;11;8;155
10GOBARC;Goblin Archer;11;5;0;0;30;37;51;12;23;28;0;8;13;11;10;11;8;155
10GOBARD;Goblin;11;4;0;0;30;37;51;12;23;28;0;8;13;11;10;11;8;155
10GOBARW;Goblin Archer;11;5;0;0;30;37;51;12;23;28;0;8;13;11;10;11;8;155
10GOBC;Goblin;12;5;0;0;30;37;51;12;23;28;0;8;13;11;10;11;8;155
10GOBD;Goblin;11;4;0;0;30;37;51;12;23;28;0;8;13;11;10;11;8;155
10GOBEC;Goblin Elite;14;7;0;0;30;37;58;12;23;28;0;10;13;12;10;11;9;155
10GOBF;Goblin;12;4;0;0;30;37;51;12;23;28;0;8;13;11;10;11;8;155
10GOBH;Goblin;12;4;0;0;30;37;51;12;23;28;0;8;13;11;10;11;8;155
10GOBSC;Goblin Sapper;11;5;0;0;30;37;49;12;23;28;0;8;13;11;10;11;8;155
10GOBW;Goblin;12;4;0;0;30;37;51;12;23;28;0;8;13;11;10;11;8;155
10GOHAR;Gohar;10;30;0;0;30;52;95;12;91;65;0;17;12;12;6;9;9;1
10GUTHE;Guthewulfe Henghelm;10;60;0;0;30;33;58;9;22;64;75;18;16;18;11;11;11;1
10HEDRON;Hedron Kerdos;10;31;0;0;30;38;46;12;23;28;5;13;16;12;13;14;12;1
10HINT;Hint;10;2;0;1;30;42;63;10;22;64;79;11;11;11;11;11;11;1
10JON;Honest Jon;10;6;0;0;30;37;57;12;23;28;3;12;11;12;9;9;9;1
10JORUN;Jorun Tamewater;10;18;0;0;30;40;65;14;23;28;0;13;12;16;15;12;9;4
10KEG;Keg;0;8;0;0;30;37;40;12;23;28;0;9;9;9;9;9;9;190
10KEG0;Killer Mimic;12;45;0;0;30;37;40;12;23;28;0;19;12;17;10;13;10;255
10KEG2;Keg;0;8;0;0;30;37;40;12;23;28;0;9;9;9;9;9;9;190
10KEG2E;Keg;0;8;0;0;30;37;40;12;23;28;0;9;9;9;9;9;9;190
10KEG3;Keg;0;8;0;0;30;37;40;12;23;28;0;9;9;9;9;9;9;190
10KEG3E;Keg;0;8;0;1;30;37;40;12;23;28;0;9;9;9;9;9;9;190
10KEG4;Super Keg!;0;8;0;0;30;37;40;12;23;28;0;9;9;9;9;9;9;190
10KEG5;Grandaddy Killer Mimic;30;355;0;0;30;37;40;12;23;28;0;19;19;10;10;10;10;255
10KEG6;Keg;0;8;0;0;30;37;40;12;23;28;0;9;9;9;9;9;9;190
10KEGE;Keg;0;8;0;0;30;37;40;12;23;28;0;9;9;9;9;9;9;190
10KICKSH;Kickshaw;10;18;0;0;30;38;41;12;23;28;0;10;18;13;11;10;9;1
10KIDBOY;Annoying Child;10;2;0;0;30;37;37;12;23;28;1;8;12;8;8;8;8;1
10KIDGRL;Annoying Child;10;2;0;0;30;36;36;12;23;28;0;8;12;8;8;8;8;1
10LABOR1;Laborer;10;6;0;0;30;64;63;12;23;28;2;11;12;12;9;10;9;1
10LABOR2;Laborer;10;6;0;0;30;43;64;12;23;28;0;11;12;12;9;10;9;1
10MAGDR;Magdar Shenlen;10;27;0;0;30;22;62;12;22;64;0;17;12;15;13;12;12;1
10MALE1;Townsperson;10;5;0;0;30;37;59;12;23;28;0;11;9;12;9;10;9;1
10MALE2;Townsperson;10;5;0;0;30;37;64;12;23;28;2;11;9;12;9;10;9;1
10MALE3;Townsperson;10;5;0;0;30;39;61;12;23;28;3;11;9;12;9;10;9;1
10MALED;Townsperson;10;5;0;0;30;37;59;12;23;28;0;11;9;12;9;10;9;1
10MERC;Mercenary;10;6;0;0;30;47;46;12;23;28;0;12;11;12;9;9;9;1
10REIG;Reig Redwaters;10;6;0;0;30;37;57;12;23;28;2;12;11;10;9;9;9;1
10RUKWU;Rukwurm;14;12;0;0;30;37;58;12;23;28;0;13;13;12;10;11;9;155
10SAILR1;Sailor;10;6;0;0;30;38;64;12;23;28;0;11;12;12;9;10;9;1
10SAILR2;Sailor;10;6;0;0;30;43;63;12;23;28;3;11;12;12;9;10;9;1
10SAILRD;Sailor;10;6;0;0;30;37;63;12;23;28;0;11;12;12;9;10;9;1
10SCREED;Screed;10;6;0;0;30;37;36;12;23;28;0;12;12;9;9;9;9;1
10SOLDR1;Targos Soldier;10;6;0;0;30;37;57;12;23;28;2;12;11;12;9;9;9;1
10SOLDRD;Targos Soldier;10;6;0;0;30;37;57;12;23;28;2;12;11;12;9;9;9;1
10ULEK;Ulek the Burrower;14;12;1;1;30;37;58;12;23;28;0;13;13;12;10;11;9;155
11CAHLHY;Cahl-Hyred;10;25;0;0;30;39;48;12;23;28;0;13;10;16;11;13;10;1
11DEADG;Goblin;12;4;0;0;30;37;57;12;23;28;0;8;13;11;10;11;8;155
11DEADS;Targos Soldier;10;6;0;0;30;37;57;12;23;28;2;12;11;12;9;9;9;1
11DEAGLE;Deagle Elmwood;10;20;0;0;30;37;39;12;23;28;4;14;16;10;11;14;12;5
11DEIRD;Deirdre Gallaway;10;17;0;0;30;42;61;12;12;28;4;10;16;13;14;10;15;1
11DENHAM;Denham Fisher;10;77;0;0;30;37;57;12;23;28;0;13;10;15;17;16;12;1
11DOGL;Lazy Dog;14;6;0;0;30;37;57;12;23;28;0;13;13;13;3;12;6;255
11DOGS;Sleeping Dog;14;6;0;0;30;37;57;12;23;28;0;13;13;13;3;6;6;255
11ELYTHA;Elytharra;10;16;1;1;30;54;52;12;24;28;3;11;16;9;17;11;16;2
11GARRAD;Garradun Tanner;14;32;0;0;30;64;66;12;23;28;1;12;13;12;14;13;13;106
11GHILLE;Ghille-Laider;10;6;0;0;30;37;57;12;23;28;4;12;11;12;9;9;9;1
11GOB;Goblin;12;5;0;0;30;37;51;12;23;28;0;8;13;11;10;11;8;155
11GOBS;Goblin Sapper;12;5;0;0;30;37;49;12;23;28;0;8;13;11;10;11;8;155
11JEMEL;Jemeliah;10;6;0;0;30;64;63;13;23;28;5;11;12;12;9;10;9;1
11KOLUHM;Koluhm Bonecutter;10;32;0;0;30;29;63;13;23;28;5;16;16;15;10;12;12;1
11LOMAN;Loman;10;6;0;0;30;64;63;12;23;28;2;11;12;12;9;10;9;1
11LUMBAR;Lumbar Grundwall;10;12;0;0;30;39;61;12;23;28;0;15;8;13;11;9;9;1
11MAXIEL;Maxiel of Silverymoon;10;32;0;0;30;53;97;12;23;28;110;15;12;11;11;16;13;3
11OSWALD;Oswald Fiddlebender;10;30;0;0;30;50;46;10;23;28;5;8;16;10;18;9;9;6
11PHAEN;Phaen of the Rags;10;18;0;0;30;54;52;12;24;28;3;11;16;12;17;11;16;1
11RAGNIB;Ragni Bellows;10;97;0;0;30;47;46;12;23;33;0;16;12;16;10;16;12;1
11RHAEK;Rhaekbog;14;12;0;0;30;37;58;12;23;28;0;13;13;12;10;11;9;155
11ULBREC;Ulbrec Dinnsmore;10;81;0;0;30;38;66;12;21;30;6;14;10;15;16;13;16;1
11URBEKS;Urbek Stonefoe;10;50;0;0;30;50;47;12;23;28;0;18;11;16;11;8;10;4
11VALIN;Valin Geldencross;10;16;0;0;30;54;52;12;24;28;3;11;16;9;17;11;16;1
11VEIRA;Veira;30;3200;0;0;30;63;63;12;23;28;0;12;16;11;9;9;9;1
12ANSON;Anson;10;6;0;0;30;47;46;12;23;28;0;12;11;12;9;9;9;1
12ARCHD;Archer;10;3;0;0;30;37;57;12;23;28;2;11;12;11;9;9;9;1
12ARCHER;Archer;10;3;0;1;30;37;57;12;23;28;2;11;12;11;9;9;9;1
12ARCHSP;Archer;10;3;0;0;30;37;57;12;23;28;2;11;12;11;9;9;9;1
12BLACK;Black Geoffrey;10;28;0;0;30;75;66;13;21;28;0;18;16;10;10;10;10;1
12BLANC;Blanchard Pike;10;28;0;0;30;38;54;12;23;28;1;13;18;12;11;13;10;1
12CABALL;Caballus;16;32;0;0;30;37;36;12;23;28;0;11;12;16;13;13;16;155
12CAULDE;Caulder;10;6;0;0;30;43;64;12;23;28;0;11;12;12;9;10;9;1
12CRANDA;Crandall;10;6;0;0;30;37;57;12;23;28;4;12;11;12;9;9;9;1
12DRILL;Drill Sergeant;10;5;0;0;30;37;57;12;23;28;2;12;11;12;9;9;9;1
12DRILLD;Drill Sergeant;10;5;0;0;30;37;57;12;23;28;2;12;11;12;9;9;9;1
12GABLE;Gable;10;5;0;0;30;37;57;12;23;28;3;11;12;11;9;9;9;1
12GHOTRA;Ghotrag;14;35;0;0;30;37;47;12;23;28;0;17;10;10;10;10;7;155
12GOB;Goblin;14;5;0;0;30;37;51;12;23;28;0;8;13;11;10;11;8;155
12GOBAR;Goblin Archer;14;5;0;0;30;37;51;12;23;28;0;9;12;9;7;7;7;155
12GOBARE;Goblin Archer Elite;14;8;0;0;30;37;58;12;23;28;0;13;13;12;10;11;9;155
12GOBD;Goblin;11;4;0;0;30;37;51;12;23;28;0;8;13;11;10;11;8;155
12GOBE;Goblin Elite;14;8;0;0;30;37;58;12;23;28;0;13;13;12;10;11;8;155
12GOBSH1;Goblin Shaman;13;12;0;0;30;37;36;12;23;28;0;11;13;10;13;13;7;155
12HARLES;Harlesford;10;6;0;0;30;64;63;12;23;28;2;11;12;12;9;10;9;1
12ILLIGM;Illigmar;10;9;0;0;30;47;46;12;23;28;0;12;11;12;9;9;9;1
12ISHER;Isherwood;14;14;0;0;30;41;57;12;22;28;4;12;16;11;9;9;9;1
12ISHERD;Isherwood;14;14;0;0;30;41;57;12;22;28;4;12;16;11;9;9;9;1
12JON;Honest Jon;10;6;0;0;30;37;57;12;23;28;3;12;11;12;9;9;9;1
12KADENC;Kadence;10;5;0;0;30;37;57;12;23;28;4;11;12;11;9;9;9;1
12KEGARC;Smug-Looking Barrel;5;10;0;0;30;37;40;12;23;28;0;9;9;9;9;9;9;190
12KEGMEL;Keg;0;10;0;1;30;37;40;12;23;28;0;9;9;9;9;9;9;190
12KICKSH;Kickshaw;10;18;0;0;30;38;41;12;23;28;0;10;18;13;11;10;9;1
12MENON;Menon;10;6;0;0;30;37;57;12;23;28;2;12;11;12;9;9;9;1
12MERC;Mercenary;10;4;0;0;30;47;46;12;23;28;0;12;8;12;9;9;9;1
12MERCD;Mercenary;10;4;0;0;30;47;46;12;23;28;0;12;8;12;9;9;9;1
12MERCSP;Mercenary;10;4;0;0;30;47;46;12;23;28;0;12;8;12;9;9;9;1
12MESS;Targos Soldier;10;6;0;0;30;37;57;12;23;28;2;12;11;12;9;9;9;1
12NILES;Niles;10;6;0;0;30;47;46;12;23;28;1;10;9;9;9;9;9;1
12NOLAN;Nolan the Healer;10;11;0;0;26;25;50;12;24;26;3;12;10;10;8;12;10;1
12OGR;Ogre;17;26;0;0;30;47;39;9;23;30;0;21;8;15;6;10;7;113
12OLAP;Olap Tamewater;10;25;0;0;30;48;64;13;23;28;0;17;12;17;12;10;9;4
12PHAEN;Phaen of the Rags;10;18;0;0;30;54;52;12;24;28;3;11;16;12;17;11;16;1
12RECRUD;Recruit;10;3;0;0;30;37;57;12;23;28;2;12;8;12;9;9;9;1
12RECRUI;Recruit;10;3;0;0;30;37;57;12;23;28;2;12;8;12;9;9;9;1
12REIG;Reig Redwaters;10;6;0;0;30;37;57;12;23;28;2;12;11;10;9;9;9;1
12SHAWFO;Shawford Crale;10;28;0;0;30;38;58;12;23;28;5;17;16;14;13;11;14;1
12SOLDRD;Targos Soldier;10;6;0;0;30;37;57;12;23;28;2;12;11;12;9;9;9;1
12SOLDSP;Targos Soldier;10;4;0;0;30;37;57;12;23;28;2;12;8;12;9;9;9;1
12SOLHSP;Targos Soldier;10;4;0;0;30;37;57;12;23;28;2;12;8;12;9;9;9;1
12SWIFT;Swift Thomas;10;2;0;0;30;37;37;12;23;28;1;8;12;8;8;8;8;1
12SWIFTH;Swift Thomas;10;2;0;0;30;37;37;12;23;28;1;8;12;8;8;8;8;1
12TABARD;Tabard Mooncalf;10;6;0;1;30;37;57;12;23;28;2;12;11;12;9;9;9;1
12TARRAN;Tarran;10;6;0;0;30;47;46;12;23;28;0;12;11;12;9;9;9;1
12TARSOL;Targos Soldier;10;4;0;0;30;37;57;12;23;28;2;10;8;9;9;9;9;1
12TRAIND;Trainee;10;3;0;0;30;37;57;12;23;28;2;12;8;12;9;9;9;1
12TRAINE;Trainee;10;3;0;0;30;37;57;12;23;28;2;9;8;9;9;9;9;1
12VGHOTA;Vghotan;14;35;0;0;30;37;53;12;23;28;0;17;12;12;7;7;7;155
12WEAPON;Weapon Instructor;10;5;0;0;30;37;57;12;23;28;2;9;8;9;9;9;9;1
12WOLF;Vghotan's Hound;12;12;0;0;30;37;5;12;23;28;0;13;15;15;3;12;6;117
12WOLFD;Vghotan's Hound;12;12;0;0;30;37;5;12;23;28;0;13;15;15;3;12;6;117
20ARTE;Arte;10;8;1;1;28;0;57;12;22;22;0;10;10;10;10;10;10;1
20BORARC;Arctic Boar;16;22;2;1;30;37;3;12;23;28;0;15;10;17;3;13;4;255
20CARCWL;Carrion Crawler;15;22;1;4;30;37;70;12;23;28;0;14;15;14;3;15;6;151
20DEDVF;Dead Villager;10;1;0;1;30;37;65;12;23;28;0;9;9;9;9;9;9;1
20DEDVM;Dead Villager;10;1;0;1;30;37;65;12;23;28;0;9;9;9;9;9;9;255
20DERETH;Dereth Springsong;16;56;6;2;30;37;69;12;23;28;3;10;10;12;16;18;12;1
20DERHID;Dereth Springsong;16;56;6;2;30;37;69;12;23;28;3;10;10;12;16;18;12;1
20DERWLF;Wolf;12;18;2;1;30;37;64;12;23;28;0;13;15;15;3;12;6;255
20EMMA;Emma Moonblade;15;49;6;2;30;63;66;12;23;27;4;12;14;12;12;17;14;1
20FIRSPC;Orc Firestarter;14;10;0;1;0;0;7;0;0;0;0;15;10;11;9;8;8;160
20GRNSLM;Slime;5;10;3;1;30;37;52;12;23;28;0;12;3;11;3;3;3;119
20HGHCAT;Highland Cat;12;38;2;2;30;37;67;12;23;28;0;21;17;15;3;12;6;255
20KAITLN;Kaitlin Silvertongue;10;5;1;1;30;37;67;12;23;28;0;10;10;10;10;10;10;1
20KEG1;Keg;0;8;0;1;30;37;40;12;23;28;0;9;9;9;9;9;9;190
20KEG2;Keg;0;8;0;1;30;37;40;12;23;28;0;9;9;9;9;9;9;190
20KEG3;Keg;0;8;0;1;30;37;40;12;23;28;0;9;9;9;9;9;9;190
20KNTVIR;Warrior of Virtue;13;48;4;1;0;0;55;0;0;0;0;16;16;10;10;12;10;1
20KRIS;Kristian Deylore;15;54;5;1;28;46;63;12;22;27;3;18;12;14;10;14;14;1
20MADLEP;Mad Cat;12;35;2;2;30;37;24;12;23;28;0;21;17;15;3;12;6;255
20MALARA;Malarite;13;30;2;1;30;37;104;12;23;28;0;12;12;12;10;16;10;1
20MALARH;Malarite High Priest;14;42;5;1;30;37;88;12;23;28;0;14;14;18;10;16;10;1
20MALARP;Malarite Priest;15;30;3;1;30;37;33;12;23;28;0;12;12;14;10;14;10;1
20MYSON;Myson;10;8;1;1;28;0;50;12;22;22;0;9;9;9;9;9;9;1
20OCRJEL;Ochre Jelly;4;48;5;4;30;37;49;12;23;28;0;15;3;15;3;3;3;119
20OLVSLM;Olive Slime;5;18;5;1;30;37;42;12;23;28;0;15;3;15;3;3;3;119
20ORCA3;Orc Archer;14;18;3;1;0;0;7;0;0;0;0;15;10;11;9;8;8;160
20ORCA4;Orc Archer;14;22;4;1;0;0;15;0;0;0;0;15;10;11;9;8;8;160
20ORCACH;Orc Archer;14;8;1;1;30;37;69;12;23;28;0;15;10;11;9;8;8;160
20ORCAV;Orc Archer;14;8;1;1;30;37;69;12;23;28;0;15;10;11;9;8;8;160
20ORCAV3;Orc Archer;14;18;3;1;0;0;7;0;0;0;0;15;10;11;9;8;8;160
20ORCAV4;Orc Archer;14;22;4;1;0;0;15;0;0;0;0;15;10;11;9;8;8;160
20ORCCHF;Torak;14;43;5;1;30;37;20;12;23;28;0;15;10;11;9;8;8;160
20ORCFIR;Orc Firestarter;14;18;4;1;0;0;7;0;0;0;0;15;10;11;9;8;8;160
20ORCRUN;Orc Runner;14;18;3;1;0;0;86;0;0;0;0;15;10;11;9;8;8;160
20ORCSHM;Orc Shaman;14;22;2;1;30;37;73;12;23;28;0;15;10;11;9;14;12;160
20ORCSHV;Orc Shaman;14;22;2;1;30;37;73;12;23;28;0;15;10;11;9;14;12;160
20ORCW3;Orc Warrior;14;18;3;1;0;0;86;0;0;0;0;15;10;11;9;8;8;160
20ORCW4;Orc Warrior;14;22;4;1;0;0;32;0;0;0;0;15;10;11;9;8;8;160
20ORCWAR;Orc;14;8;1;1;30;37;103;12;23;28;0;15;10;11;9;8;8;160
20ORCWV;Orc;14;8;1;1;30;37;103;12;23;28;0;15;10;11;9;8;8;160
20ORCWV3;Orc Warrior;14;18;3;1;0;0;86;0;0;0;0;15;10;11;9;8;8;160
20ORCWV4;Orc Warrior;14;22;4;1;0;0;32;0;0;0;0;15;10;11;9;8;8;160
20PESF1;Peasant;10;5;0;0;30;39;61;12;23;28;19;9;9;9;9;9;9;1
20PESF2;Peasant;10;5;0;0;30;52;67;12;23;28;12;9;9;9;9;9;9;1
20PESF3;Peasant;10;5;0;0;30;52;70;12;23;28;12;9;9;9;9;9;9;1
20PESM1;Peasant;10;5;0;0;30;37;57;12;23;28;0;9;9;9;9;9;9;1
20PESM2;Peasant;10;5;0;0;30;37;69;12;23;28;10;9;9;9;9;9;9;1
20PESM3;Peasant;10;5;0;0;30;39;61;12;23;28;19;9;9;9;9;9;9;1
20RNDCAT;Mad Cat;12;35;2;2;30;37;24;12;23;28;0;21;17;15;3;12;6;255
20RNDHRP;Harpy;11;41;7;1;30;37;114;12;23;28;0;10;15;10;7;10;15;174
20RNDMAL;Malarite;13;18;1;1;30;37;104;12;23;28;0;12;11;14;12;14;10;1
20RNDORA;Orc Archer;14;18;3;1;0;0;7;0;0;0;0;15;10;11;9;8;8;160
20RNDORW;Orc Warrior;14;18;3;1;0;0;86;0;0;0;0;12;14;16;8;8;8;160
20RNDSNK;Highland Snake;11;34;5;1;30;37;64;12;23;28;0;10;19;13;3;12;3;255
20SABCAT;Snow Leopard;11;18;2;2;30;37;80;12;23;28;0;16;19;15;3;12;6;255
20SABHID;Sabrina Fairwynd;16;42;5;1;30;63;70;12;23;28;4;10;12;12;12;16;16;1
20SABRIN;Sabrina Fairwynd;15;42;5;1;30;63;70;12;23;28;4;10;12;12;12;16;16;1
20SLMZMB;Slime Zombie;14;36;5;1;30;37;90;12;23;28;0;16;5;12;3;10;8;119
20SNOLEP;Snow Leopard;11;18;2;2;30;37;80;12;23;28;0;16;19;15;3;12;6;255
20STRLEP;Starving Leopard;11;28;2;2;30;37;99;12;23;28;0;16;19;15;3;12;6;255
20TROICE;Ice Troll;12;14;1;2;30;37;71;12;23;28;0;16;14;16;6;9;6;165
20VREK;Vrek Vileclaw;9;42;5;2;30;37;52;12;23;28;0;23;14;23;10;9;6;165
20WLFNRM;Wolf;12;18;3;1;30;37;64;12;23;28;0;13;15;15;3;12;6;255
21ANIVIL;Animated Villager;11;13;2;1;0;0;55;0;0;0;0;13;8;10;10;10;3;167
21BUGCPT;Bugbear;13;24;2;1;30;37;84;12;23;28;0;15;12;13;10;10;9;180
21CYCLPS;Cyclops;20;73;11;1;30;37;87;12;23;28;0;25;8;19;6;10;17;153
21ELFMGE;Mage;12;22;1;1;27;45;18;12;22;30;2;10;14;12;18;10;10;3
21GAERNT;Gaernat Sharptooth;11;41;4;2;30;37;19;12;23;28;0;10;23;14;10;12;4;191
21HERMIT;Hermit;12;51;7;1;30;50;39;12;23;28;5;9;9;9;9;9;9;255
21HGHSNK;Highland Snake;11;34;5;2;30;37;64;12;23;28;0;10;19;13;3;12;3;255
21HINT;Bridge;10;2;0;1;30;42;63;10;22;64;79;11;11;11;11;11;11;1
21HRP;Harpy;11;41;2;2;30;37;114;12;23;28;0;10;15;10;7;10;15;174
21OGR;Ogre;16;24;5;1;30;37;57;12;23;28;0;21;8;15;6;10;7;113
21ORCACE;Orc Archer Elite;14;32;6;1;30;37;57;12;23;28;0;15;10;11;9;8;8;160
21ORCCOM;Guthma;18;63;9;1;30;37;77;12;23;28;0;18;14;16;12;12;8;160
21ORCELT;Orc Elite;16;38;6;2;30;37;112;12;23;28;0;15;10;11;9;8;8;160
21SCOUT;Scout;16;32;4;0;30;7;55;12;91;93;3;12;14;12;12;14;12;2
21SPDQN;Spider Queen;11;48;2;2;30;37;96;12;23;28;0;15;17;12;3;10;3;255
21SPDSML;Spider;11;14;1;1;30;37;97;12;23;28;0;11;17;12;3;10;3;255
21SUPPRT;Support Beam;10;100;0;0;30;37;57;12;23;28;0;10;10;10;10;10;10;190
21SUPRT2;Support Beam;10;200;0;1;30;37;57;12;23;28;0;10;10;10;10;10;10;190
21VERB;Verbeeg;16;27;3;2;0;0;105;0;0;0;0;21;8;15;6;10;7;153
21WERBGR;Werebadger;14;21;3;1;30;37;44;12;23;28;0;10;17;13;10;10;10;191
21WERRAT;Wererat;14;23;3;1;30;37;45;12;23;28;0;12;17;13;10;10;10;191
21WTRWRD;Water Weird;16;24;5;1;30;37;68;12;23;28;0;9;14;10;12;12;10;152
21XUKI;Xuki;12;22;1;0;27;45;66;31;22;30;2;10;14;10;18;12;18;3
30BAT;Bat;30;5;10;1;0;0;55;0;0;0;0;3;16;10;3;3;3;0
30BEETQ;Fire Beetle Queen;16;30;7;2;30;37;70;14;23;28;0;16;18;16;3;3;3;150
30BUGBR;Bugbear;16;40;0;0;30;37;39;12;23;28;0;16;12;13;10;10;9;180
30DEKGOB;Dekanter Goblin;14;21;3;1;30;37;47;12;23;28;0;18;12;14;12;13;9;155
30DFDND;Festering Drowned Dead;22;136;12;2;30;37;52;12;23;28;0;30;18;18;9;9;9;167
30DGOB;Goblin;14;1;0;0;30;37;51;12;23;28;0;9;9;9;7;7;7;155
30DGOBE;Goblin Elite;14;9;1;0;30;37;58;12;23;28;0;12;9;9;7;7;7;155
30DHAGOB;Half-Goblin;14;1;4;0;0;91;29;20;22;21;7;15;16;18;12;12;10;155
30DRUM1;War Drum;10;40;0;1;30;37;57;12;23;28;0;9;3;9;9;9;9;255
30DRUM2;War Drum;10;40;0;1;30;37;57;12;23;28;0;9;3;9;9;9;9;255
30DRUM3;War Drum;10;40;0;1;30;37;57;12;23;28;0;9;3;9;9;9;9;255
30DRUM4;War Drum;10;40;0;1;30;37;57;12;23;28;0;9;3;9;9;9;9;255
30DRUM5;War Drum;10;40;0;1;30;37;57;12;23;28;0;9;3;9;9;9;9;255
30DRUM6;War Drum;10;40;0;1;30;37;57;12;23;28;0;9;3;9;9;9;9;255
30DRUM7;War Drum;10;40;0;1;30;37;57;12;23;28;0;9;3;9;9;9;9;255
30DSKEL;Skeleton;13;24;3;1;30;37;57;14;23;28;0;12;15;15;9;9;9;115
30DTSKEL;Skeleton;13;24;3;1;30;37;57;14;23;28;0;12;15;15;9;9;9;115
30DWORG;Worg;14;1;3;1;30;37;64;12;23;28;0;14;16;14;10;9;9;117
30ENNELD;Injured Half-Elf;10;28;3;0;30;37;42;10;23;28;2;15;16;8;12;15;14;3
30ENNELI;Ennelia;10;28;5;1;30;37;42;10;23;28;2;15;16;10;12;15;14;3
30FBEET;Fire Beetle;15;7;4;1;30;37;57;14;23;28;0;12;20;15;3;3;3;150
30FIRTLG;Hardened Fire Troll;14;32;0;0;30;37;67;12;23;28;0;20;16;16;12;10;10;165
30FIRTRL;Hardened Fire Troll;14;32;0;0;30;37;67;12;23;28;0;20;16;16;6;10;10;165
30FRGNT;Frost Giant;21;133;10;3;30;37;57;12;23;28;0;28;9;18;9;10;9;153
30GBWLPR;Goblin Whelp;15;24;4;1;30;37;54;12;23;28;0;16;12;12;12;13;9;155
30GOBAES;Goblin Archer Elite;16;15;0;0;30;37;58;12;23;28;0;10;16;12;10;12;8;155
30GOBARS;Goblin Archer;14;10;0;0;30;37;51;12;23;28;0;8;14;11;10;11;8;155
30GOBDED;Goblin;15;14;2;1;30;37;57;12;23;28;0;12;14;11;10;12;8;155
30GOBES;Goblin Elite;14;9;0;0;30;37;58;12;23;28;0;12;14;12;10;12;8;155
30GOBHO;Half-Goblin Hordling;13;18;0;0;0;91;29;20;29;21;7;14;16;16;12;12;10;155
30GOBHOE;Goblin Hordling;15;14;0;0;30;37;54;12;23;28;0;8;13;10;10;12;8;155
30GOBHOS;Goblin Hordling;15;14;2;1;30;37;54;12;23;28;0;12;14;12;10;12;8;155
30GOBKRU;Kruntur;17;30;6;2;30;37;47;12;23;28;0;18;12;14;7;7;7;155
30GOBMOK;Mokrul;17;26;0;0;30;37;47;12;23;28;0;16;13;12;10;12;8;155
30GOBOGR;Ogrok;17;27;0;0;30;37;47;12;23;28;0;16;12;11;10;14;8;155
30GOBOV1;Goblin Overseer;16;21;4;1;30;37;47;12;23;28;0;16;12;12;10;11;8;155
30GOBPOH;Pondmuk;14;6;0;0;30;37;54;12;23;28;0;9;9;9;7;7;7;155
30GOBPON;Pondmuk;14;6;0;0;30;37;54;12;23;28;0;9;9;9;7;7;7;155
30GOBS;Goblin;14;6;0;0;30;37;51;12;23;28;0;8;13;11;10;11;8;155
30GOBSH1;Goblin Shaman;16;20;0;0;30;37;36;12;23;28;0;11;10;10;13;16;7;155
30GOBSOR;Goblin Sorcerer;14;12;0;0;30;37;36;12;23;28;0;11;13;11;16;13;8;155
30GOBVUN;Vunarg;17;30;0;0;30;37;47;12;23;28;0;14;12;12;10;10;12;155
30GOBWLP;Goblin Whelp;14;21;0;0;30;37;70;12;23;28;0;14;12;12;12;13;9;155
30GOBWR;Goblin Worg Rider;16;28;6;1;30;37;53;12;23;28;0;18;16;12;7;12;7;155
30GOBWR1;Goblin Worg Rider;16;28;6;1;30;37;53;12;23;28;0;18;14;12;7;12;7;155
30GOBWR2;Goblin Worg Rider Captain;17;35;8;1;30;37;64;12;23;28;0;20;14;12;7;7;7;155
30GOBWR3;Goblin Worg Rider;16;28;6;1;30;37;53;12;23;28;0;18;12;12;7;12;7;155
30GOBWR4;Goblin Worg Rider Captain;17;35;8;1;30;37;64;12;23;28;0;20;14;12;7;14;7;155
30GOBWR5;Goblin Worg Rider;16;28;6;1;30;37;53;12;23;28;0;18;12;12;7;11;7;155
30GOBWR6;Goblin Worg Rider Captain;17;35;8;1;30;37;64;12;23;28;0;20;12;12;7;12;7;155
30GOBWRC;Goblin Worg Rider Captain;17;35;8;1;30;37;64;12;23;28;0;20;13;12;7;12;7;155
30GOBWRS;Goblin Worg Rider;16;28;6;1;30;37;53;12;23;28;0;18;11;12;7;12;7;155
30HAGOB;Half-Goblin;13;28;0;0;0;91;29;20;22;21;7;16;16;16;12;12;10;155
30HOBCA;Hobgoblin Sergeant;16;28;0;0;30;46;65;19;23;28;0;16;10;10;7;10;7;111
30HOBDG2;Door Guard;16;26;3;0;30;37;57;12;23;28;0;17;9;9;7;7;7;111
30HOBDGU;Door Guard;16;28;0;0;30;37;58;19;23;28;0;12;13;13;10;10;10;111
30HOBGU;Hobgoblin Guard;16;15;0;0;30;37;54;19;23;28;0;11;13;13;10;10;10;111
30HOBGUM;Gumph;16;30;0;0;30;37;57;12;23;28;0;14;14;13;10;10;10;111
30ICETRL;Hardened Ice Troll;14;32;0;0;30;37;71;12;23;28;0;20;12;16;12;14;10;165
30ILQUAG;Ilquog;15;35;0;0;30;37;70;12;23;28;0;16;12;12;12;13;9;155
30OGR;Ogre;16;26;0;0;30;47;41;10;23;30;0;22;8;15;6;10;7;113
30OGRCH;Ogre Chieftain;17;35;0;0;30;46;58;9;23;28;0;24;10;16;9;12;8;113
30OGRGA2;Gark;10;10;0;1;30;37;58;12;23;28;0;9;9;9;9;9;9;113
30OGRGA3;Ogre;16;26;0;0;30;46;39;9;23;28;2;22;8;15;6;10;8;113
30OGRGAR;Gark;17;42;0;0;30;46;58;9;23;28;0;24;10;18;7;10;8;113
30OGRS;Ogre;16;26;0;0;30;47;41;10;23;30;0;22;8;16;6;10;7;113
30ORCARS;Orc Archer;14;14;0;0;30;37;48;12;23;28;0;12;16;14;9;12;9;160
30ORCGOT;Gothog Zorgar;13;28;0;0;30;37;47;12;23;28;0;18;12;16;10;10;8;160
30ORCRU;Orc;13;14;0;0;30;37;48;12;23;28;0;15;10;11;9;8;8;160
30ORCRU2;Orc;13;14;0;0;30;37;48;12;23;28;0;15;10;11;9;8;8;160
30ORCRUH;Orc;13;14;0;0;30;37;48;12;23;28;0;15;10;11;9;8;8;160
30ORCSH1;Orc Shaman;15;20;0;0;30;37;51;12;23;28;0;13;10;12;13;14;9;160
30ORCSHH;Orc Shaman;15;20;0;0;30;37;51;12;23;28;0;12;10;12;14;14;9;160
30ORCTRU;Trugnuk;16;64;0;0;30;37;47;12;23;28;0;12;10;9;13;16;9;160
30ORCWA;Orc Warrior;13;15;0;0;30;37;49;12;23;28;0;15;10;11;9;8;8;160
30ORCWAE;Orc Warrior;15;28;0;0;30;37;49;12;23;28;0;16;12;12;9;10;9;160
30ORCWAS;Orc Warrior;14;14;0;0;30;37;49;12;23;28;0;15;10;11;9;8;8;160
30ORCWD;Orc Witch Doctor;14;18;0;0;30;37;56;12;23;28;0;12;9;12;16;13;9;160
30OROBLS;Orog;16;21;0;0;30;37;60;12;23;28;0;16;10;12;10;12;9;160
30OROCA;Orog Chief;17;35;0;0;30;37;59;12;23;28;0;18;14;14;12;12;9;160
30OROPUS;Pusmug;17;35;0;0;30;37;47;12;23;28;0;16;12;14;10;12;9;160
30OROTAS;Taskmaster;18;42;0;0;30;37;47;12;23;28;0;20;12;14;10;12;9;160
30OTY;Otyugh;17;48;4;3;30;37;57;12;23;28;0;11;10;13;5;12;6;193
30REST;;10;40;0;1;30;37;57;12;23;28;0;9;9;9;9;9;9;255
30SPIWO;Wooly Spider;14;25;0;0;79;64;64;74;74;74;5;13;15;10;3;10;3;116
30SPIWOD;Wooly Spider;14;25;3;1;79;64;63;74;74;74;5;13;15;10;5;10;5;116
30SPIWOQ;Wooly Spider Queen;15;35;0;0;79;47;63;74;74;74;5;16;17;12;5;10;5;116
30TEQUAG;Tequog;15;35;0;0;30;37;70;12;23;28;0;16;12;12;12;13;9;155
30TROLL;Troll;16;28;0;0;30;37;86;12;23;28;0;23;14;23;6;9;6;165
30WOLWOR;Worg;12;30;0;0;30;37;64;12;23;28;0;17;15;15;6;14;10;117
30WOLWOS;Worg;12;30;0;0;30;37;64;12;23;28;0;17;15;15;6;14;10;117
30WWLF;Winter Wolf;14;38;5;1;30;37;57;12;23;28;0;18;13;16;9;13;10;117
30YQUOGG;Yquog;18;78;0;0;30;37;104;12;23;28;0;18;16;13;14;14;14;164
31BRASTD;Braston;10;28;4;0;30;44;43;10;23;28;3;16;15;13;12;13;13;1
31BRASTO;Braston;10;28;5;1;30;44;43;10;23;28;3;16;15;13;12;13;13;1
31BUGB00;Bugbear;16;40;0;0;30;37;39;12;23;28;0;16;12;13;10;10;10;180
31BUGB01;Bugbear;16;40;0;0;30;37;39;12;23;28;0;16;12;14;10;10;10;180
31BUGGUT;Guthma;18;64;0;0;30;37;101;12;23;28;0;18;14;16;11;12;10;180
31BUGJAI;Bugbear Jailkeeper;17;50;0;0;30;44;43;10;23;28;3;18;12;13;10;10;9;180
31GIAVER;Verbeeg;17;40;3;2;30;37;40;12;23;28;0;22;8;19;9;10;9;153
31GOBHC;Goblin High Chieftain;16;35;0;0;30;37;47;12;23;28;0;16;14;14;10;12;7;155
31GOBHO;Goblin Hordling;15;14;0;0;30;37;54;12;23;28;0;8;13;11;10;11;8;155
31GOBHOE;Goblin Hordling;15;18;0;0;30;37;54;12;23;28;0;12;13;11;10;11;8;155
31GOBOV1;Goblin Overseer;16;21;0;0;30;37;47;12;23;28;0;14;14;14;12;14;9;155
31GOBSH1;Goblin Shaman;15;28;0;0;30;37;36;12;23;28;0;10;12;10;13;16;7;155
31GOBSH2;Goblin Shaman;16;22;0;0;30;37;36;12;23;28;0;11;9;9;13;16;7;155
31GOBSO2;Goblin Sorcerer;16;26;0;0;30;37;56;12;23;28;0;10;12;10;16;14;9;160
31GOBSOR;Goblin Sorcerer;16;20;0;0;30;37;56;12;23;28;0;10;12;12;16;13;9;160
31GOBWRB;Goblin Worg Rider;16;28;0;0;30;37;53;12;23;28;0;18;16;14;10;12;7;155
31HOBAR;Hobgoblin Archer;15;16;0;0;30;66;58;19;23;30;0;13;14;13;10;10;8;111
31HOBCH;Hobgoblin Chief;17;45;0;0;30;46;65;19;23;28;0;14;12;12;10;10;9;111
31HOBE;Hobgoblin Elite;16;28;0;0;30;46;65;19;23;28;0;14;12;12;10;12;7;111
31HOBSER;Hobgoblin Sergeant;17;28;4;1;30;46;65;19;23;28;0;16;12;12;10;12;8;111
31MADAE;Madae;20;64;7;0;30;37;57;12;23;28;0;19;13;13;11;11;7;255
31OGRCOO;Ogre Cook;16;29;0;0;30;47;41;10;23;30;0;21;8;15;6;10;7;113
31ORCARE;Orc Archer Elite;14;16;2;0;30;37;49;12;23;28;0;9;9;9;9;9;9;160
31ORCHC;Orc High Chieftain;16;40;0;0;30;37;47;12;23;28;0;18;12;14;10;12;8;160
31ORCHSB;Orc High Shaman;16;24;2;0;30;37;47;12;23;28;0;9;9;9;13;13;9;160
31ORCHSH;Orc High Shaman;16;24;2;1;30;37;47;12;23;28;0;12;12;12;13;16;9;160
31ORCOLD;Old Orc;18;63;0;0;30;37;59;12;23;28;0;18;14;14;9;18;9;160
31ORCSH1;Orc Shaman;16;22;2;0;30;37;51;12;23;28;0;9;9;9;13;14;9;160
31ORCSH2;Orc Shaman;16;22;2;0;30;37;51;12;23;28;0;9;9;9;13;14;9;160
31ORCWA;Orc Elite;17;20;6;2;30;37;49;12;23;28;0;18;12;14;9;12;9;160
31ORCWD;Orc Witch Doctor;15;18;1;0;30;37;56;12;23;28;0;9;9;9;16;14;9;160
31ORCWD2;Orc Witch Doctor;17;27;2;0;30;37;56;12;23;28;0;9;9;9;16;14;9;160
31OROBRA;Orog;16;21;5;1;30;37;59;12;23;28;0;18;14;14;10;12;9;160
31OROCH;Orog Chief;18;48;7;2;30;37;59;12;23;28;0;20;14;14;10;12;9;160
31OROCO;Orog Commander;18;35;8;2;30;37;60;12;23;28;0;18;12;14;10;12;9;160
31SHERIN;Sherincal;20;64;7;0;30;37;57;12;23;28;0;19;13;13;11;11;7;255
40BCULTC;Beodaewn Follower;15;24;4;1;32;60;99;109;19;30;24;11;9;9;10;9;10;117
40BDAWN;Beodaewn;18;42;6;2;33;46;84;109;113;79;107;17;17;15;10;10;20;117
40BDCULT;Beodaewn Follower;12;16;3;1;32;60;99;109;19;30;24;11;11;11;10;10;10;1
40BENEST;Boring Beetle Nest;0;100;0;0;30;37;57;12;23;28;0;10;10;10;10;10;10;255
40BETBOR;Boring Beetle;17;27;2;1;30;37;57;12;23;28;0;18;10;15;3;10;9;150
40CULTWW;Werewolf;16;16;3;1;32;60;99;109;19;30;24;13;15;15;10;10;10;117
40DOGWLD;Wolf;12;9;2;1;30;37;57;12;23;28;0;13;15;15;3;12;6;117
40DRUIDF;Aurilite Druid;12;28;0;0;30;56;58;113;23;28;47;10;14;10;14;18;10;3
40DRUIDM;Aurilite Druid;12;28;0;0;30;37;57;12;23;28;0;12;12;12;10;18;10;3
40GBLKA;Goublika;18;40;3;1;30;37;40;12;23;28;0;23;10;17;12;12;10;153
40GIAFOM;Fomorian Giant;18;30;7;2;30;37;39;12;23;28;0;24;8;20;10;10;3;153
40ILIUM;Illium Ar'Ghrenoir;12;96;0;0;111;96;22;113;66;24;19;16;15;12;10;14;14;2
40ILUM2;Illium Ar'Ghrenoir;12;140;0;0;111;96;22;113;66;24;19;16;16;14;10;14;14;2
40ILUM3;Illium Ar'Ghrenoir;12;160;0;0;111;96;22;113;66;24;19;18;18;14;10;14;14;2
40ODEA;Odea Winterthaw;12;96;0;0;30;47;96;113;22;30;67;12;13;14;12;18;12;3
40ODEA2;Odea Winterthaw;12;140;0;0;30;47;96;113;22;30;67;12;14;14;12;18;12;3
40ODEA3;Odea Winterthaw;12;190;0;0;30;47;96;113;22;30;67;12;16;14;12;18;12;3
40OSWALD;Oswald Fiddlebender;10;30;0;0;30;50;46;10;23;28;5;8;16;10;18;9;9;6
40RANGRC;Aurilite Ranger Commander;12;64;0;0;111;96;22;113;72;31;24;16;16;16;10;14;10;2
40RANGRF;Aurilite Ranger;12;32;0;0;114;96;54;113;23;28;47;12;18;12;10;14;10;2
40RANGRM;Aurilite Ranger;12;32;0;0;114;96;86;113;23;28;94;18;12;12;10;14;10;2
40RBETBO;Boring Beetle;17;27;2;1;30;37;57;12;23;28;0;18;10;15;3;10;9;150
40RGIAFO;Fomorian Giant;18;30;7;2;30;37;39;12;23;28;0;24;8;20;10;10;3;153
40RIPBRO;Boy;10;10;0;0;0;0;18;12;82;0;0;9;9;9;9;9;9;1
40RIPMOM;Noblewoman;10;7;0;0;0;0;43;12;42;0;0;9;9;9;9;9;9;1
40RIPPOP;Nobleman;10;7;0;0;0;0;43;12;42;0;0;9;9;9;9;9;9;1
40RIPSIS;Girl;10;10;0;0;0;0;12;12;16;0;0;9;9;9;9;9;9;1
40RSPIPH;Phase Spider;12;27;4;1;20;31;31;7;14;20;0;17;17;16;7;13;10;116
40RWOLFW;Winter Wolf;14;38;5;1;30;37;57;12;23;28;0;18;13;16;9;13;10;117
40RYETIT;Tundra Yeti;13;34;5;2;30;37;57;12;23;28;0;18;13;12;9;12;11;189
40SPIFR;Frost Spider;13;80;5;2;30;37;14;12;23;28;0;19;17;12;10;10;3;116
40SPIFRH;Frost Spider;13;80;5;1;30;37;14;12;23;28;0;19;17;12;10;10;3;116
40SPIPHS;Phase Spider;12;27;4;1;20;31;31;7;14;20;0;17;17;16;7;13;10;116
40SPIPHZ;Phase Spider;12;27;4;1;20;31;31;7;14;20;0;17;17;16;7;13;10;116
40WOLFWI;Winter Wolf;14;38;5;1;30;37;57;12;23;28;0;18;13;16;9;13;10;117
40YETITU;Tundra Yeti;13;34;5;2;30;37;57;12;23;28;0;18;13;12;9;12;11;189
40YURST;Captain Yurst;20;200;0;0;30;110;58;87;81;110;1;18;18;18;9;9;18;1
41ABISHW;Lesser White Abishai;14;3;4;3;30;37;57;12;23;28;0;13;15;15;10;12;12;164
41ALTAR;Auril's Altar;30;10000;0;1;30;37;57;12;23;28;0;9;9;9;9;9;9;255
41AOCHA;Aocha;16;55;9;1;30;37;46;12;23;28;0;19;17;12;3;10;3;116
41ASSASS;Talisman Assassin;12;72;0;0;0;0;0;113;0;0;2;15;20;10;10;14;10;7
41BARSHA;Barbarian Shaman;10;64;0;0;30;37;41;12;23;28;0;12;14;10;10;18;10;1
41BARWAR;Barbarian Warrior;10;48;0;0;30;37;38;12;23;28;0;18;16;18;10;10;5;1
41BEARPO;Polar Bear;14;36;6;3;30;37;57;12;23;28;0;27;13;19;3;12;6;103
41BISHOP;Talisman Bishop;12;120;0;0;97;24;91;113;10;30;40;12;10;10;12;25;10;7
41CATHI2;High Priestess Cathin;10;144;0;0;79;71;71;87;68;79;0;22;10;10;10;18;10;1
41CATHI3;High Priestess Cathin;10;180;0;0;79;71;71;87;68;79;0;23;10;10;10;18;10;1
41CATHIN;High Priestess Cathin;10;90;0;0;79;71;71;87;68;79;0;20;10;10;10;18;10;1
41CLERIF;Aurilite Frosttouch;10;64;0;0;31;57;71;12;31;31;74;12;18;10;10;18;10;1
41CLERIM;Aurilite Frosttouch;10;64;0;0;31;57;71;12;31;31;74;18;12;10;10;18;10;1
41CORNUG;Cornugon;24;82;10;3;30;37;57;12;23;28;0;21;12;17;14;14;14;164
41DEER;Deer;11;11;2;0;30;37;40;12;23;28;0;12;15;12;3;14;6;255
41DOOMGD;Doom Guard;18;30;3;1;30;31;58;12;21;29;0;17;10;10;3;11;3;156
41GBLKA;Goublika;18;40;3;1;30;37;57;12;23;28;0;23;10;17;12;12;10;153
41GIAFOM;Fomorian Giant;18;30;7;2;30;37;57;12;23;28;0;24;8;20;10;10;3;153
41GLABRE;Glabrezu;27;85;9;4;30;37;57;12;23;28;0;25;10;19;16;16;16;164
41GOLEIC;Ice Golem Champion;16;100;10;2;30;37;71;12;23;28;0;21;9;9;9;9;9;156
41GOLEMC;Crystal Golem;25;100;9;2;30;37;57;12;23;28;0;22;10;10;3;10;10;156
41HENCHM;Talisman Henchman;10;10;0;0;0;56;57;106;96;63;95;16;14;14;12;12;9;2
41HENCHX;Talisman Henchman;10;10;0;0;0;56;57;106;96;63;95;16;14;14;12;12;9;2
41INGRAT;Ingrath Mariner;14;32;3;2;39;38;57;12;23;30;0;12;13;12;13;14;13;106
41LEMURE;Lemure;13;16;2;2;30;37;57;12;23;28;0;10;10;10;3;11;5;164
41LUSOLD;Soldier;10;40;0;0;104;81;99;113;23;104;0;16;14;14;12;12;9;1
41LYSAR2;High Priestess Lysara;14;980;0;0;79;71;71;87;71;79;0;10;13;10;16;18;18;1
41LYSAR3;High Priestess Lysara;14;1120;0;0;79;71;71;87;71;79;0;10;15;10;16;18;18;1
41LYSARA;High Priestess Lysara;14;840;0;0;79;71;71;87;71;79;0;10;12;10;16;18;18;1
41MYSTIC;Talisman Mystic;14;48;0;0;32;37;104;113;104;32;6;12;12;12;12;12;25;7
41NATE;Nathaniel;10;56;0;0;110;91;69;12;29;30;1;12;12;12;12;18;11;1
41NECROM;Cult of the Dragon Necromancer;10;52;0;0;32;50;54;12;22;32;3;10;15;12;18;14;10;1
41NICK;Nickademus;10;80;0;0;47;57;58;114;47;67;68;18;18;18;25;18;12;1
41NWSOLD;Soldier;14;32;3;2;39;38;57;12;23;30;0;12;13;12;13;14;13;106
41ONDABO;Ondabo;19;104;11;3;30;37;57;12;23;28;0;25;13;14;18;15;15;175
41ORIA;High Priestess Oria;14;630;0;0;79;71;71;87;68;79;0;10;14;10;18;18;10;1
41ORIA2;High Priestess Oria;14;980;0;0;79;71;71;87;68;79;0;10;16;10;18;18;10;1
41ORIA3;High Priestess Oria;14;1120;0;0;79;71;71;87;68;79;0;10;17;10;18;18;10;1
41ORIAES;Oria's Essence;14;60;0;0;27;71;71;87;68;27;105;10;14;10;18;18;10;255
41PAINT;Kuldahar Painting;30;10000;0;1;30;37;57;12;23;28;0;10;10;10;10;10;10;255
41PFIEND;Gelugon;27;96;11;5;30;37;57;14;23;28;0;25;13;21;20;20;16;164
41PRIESF;Aurilite Postulant;12;32;0;0;31;57;58;12;31;31;79;12;14;14;10;18;9;1
41PRIESM;Aurilite Postulant;12;32;0;0;31;57;58;12;31;31;79;14;12;14;10;18;9;1
41PRISO1;Prisoner;10;56;0;0;72;113;63;70;29;63;3;18;9;9;9;9;9;1
41PRISO2;Prisoner;10;56;0;0;30;41;92;113;114;30;79;18;12;9;9;9;9;2
41PRISO3;Prisoner;10;56;0;0;30;54;82;108;15;28;2;9;18;9;9;9;9;4
41PRISO4;Prisoner;10;56;0;0;79;64;109;90;94;30;100;9;14;9;14;14;9;5
41PRISO5;Prisoner;10;56;0;0;30;110;24;85;24;28;5;18;12;9;9;9;9;1
41PRISO6;Prisoner;10;56;0;0;31;0;81;24;23;31;66;9;9;9;9;16;9;7
41RABISH;Red Abishai;18;36;6;4;30;37;57;12;23;28;0;17;17;17;12;14;16;164
41RAHM;Rahm Dammel;10;80;0;0;104;81;99;101;23;104;67;20;12;12;12;10;11;1
41RBASHA;Barbarian Shaman;10;64;0;0;30;37;41;12;23;28;0;12;14;10;10;18;10;1
41RBAWAR;Barbarian Warrior;10;48;0;0;30;37;38;12;23;28;0;18;16;18;10;10;5;1
41RCLERF;Aurilite Frosttouch;10;64;0;0;31;57;71;12;31;31;74;12;18;10;10;18;10;1
41RCLERM;Aurilite Frosttouch;10;64;0;0;31;57;71;12;31;31;74;18;12;10;10;18;10;1
41REMHZA;Remorhaz;19;35;4;1;30;37;60;12;23;28;0;26;13;21;5;12;10;101
41REMHZQ;Queen Remorhaz;19;50;4;1;30;37;60;12;23;28;0;26;13;21;5;12;10;101
41REMHZR;Young Remorhaz;17;18;3;1;30;37;59;12;23;28;0;24;12;20;5;10;10;101
41REMHZZ;Remorhaz;19;35;5;1;30;37;60;12;23;28;0;26;13;21;5;12;10;101
41RENGAR;Lord Rengar;20;90;0;0;30;37;57;12;23;28;0;22;15;10;18;14;18;255
41RNECRO;Cult of the Dragon Necromancer;10;52;0;0;32;50;54;12;22;32;3;10;15;12;18;14;10;1
41RPRIEF;Aurilite Postulant;12;32;0;0;31;57;58;12;31;31;0;12;14;14;10;18;9;1
41RPRIEM;Aurilite Postulant;12;32;0;0;31;57;58;12;31;31;0;14;12;14;10;18;9;1
41RSHAMF;Aurilite Stormsister;10;48;0;0;31;57;68;12;31;31;79;14;15;10;10;18;10;1
41RSHAMM;Aurilite Stormbrother;10;48;0;0;31;57;68;12;31;31;79;15;14;10;10;18;10;1
41RTROIC;Ice Troll;12;16;4;2;30;37;57;12;23;28;0;19;12;16;9;10;6;165
41RWYVER;Soarsmen;16;45;5;4;30;37;57;12;23;28;0;19;12;15;6;12;9;118
41SABGD;Apocalyptic Boneguard;24;116;15;3;30;37;57;12;23;28;0;28;18;18;9;9;9;115
41SAIR16;Air Elemental;11;136;15;3;30;37;57;14;23;28;0;18;29;18;6;11;11;152
41SAIR24;Elder Air Elemental;16;204;21;4;30;37;57;14;23;28;0;22;33;18;6;11;11;152
41SARSKL;Armored Skeleton;15;28;6;1;30;37;57;14;23;28;0;16;15;16;9;9;9;115
41SASERV;Aerial Servant;17;128;15;2;30;37;57;14;23;28;0;22;22;15;6;10;9;152
41SBBER;Black Bear;12;25;2;3;30;37;57;12;23;28;0;19;13;15;3;12;6;103
41SBEETL;Beetle;15;7;0;0;30;37;53;12;23;28;0;11;14;11;4;12;9;150
41SBGD;Boneguard Skeleton;16;36;8;2;30;37;57;14;23;28;0;14;17;18;9;9;9;115
41SBGD2;Boneguard Skeleton;16;36;8;2;30;37;57;14;23;28;0;14;17;18;9;9;9;115
41SBSC;Bone Scavenger;16;88;0;0;30;37;20;12;23;28;0;19;12;15;6;12;9;118
41SBTL11;Bombardier Beetle;16;24;1;1;30;37;57;14;23;28;0;15;18;15;3;3;3;150
41SBTL15;Rhinoceros Beetle;18;84;8;2;30;37;57;14;23;28;0;15;18;16;3;3;3;150
41SBTL9;Beetle;16;24;1;1;30;37;57;14;23;28;0;15;18;15;3;3;3;150
41SBWHT;Barrow Wight;22;100;15;2;30;37;57;12;23;28;0;16;25;18;9;9;9;115
41SCBER;Cave Bear;14;56;3;3;30;37;57;12;23;28;0;27;13;19;3;12;6;103
41SCBNS;Cold Bones;18;78;15;2;30;37;57;17;23;28;0;18;18;16;9;9;9;115
41SCCR;Carrion Crawler;17;19;5;5;30;37;57;14;23;28;0;14;15;14;3;15;3;151
41SCHZMB;Chosen Zombie;14;28;5;1;30;37;57;14;23;28;0;16;15;16;9;9;9;167
41SCRD;Creeping Doom;15;175;14;2;30;37;57;12;23;28;0;12;20;12;9;9;9;255
41SCRN;Cornugon;24;82;10;3;30;37;57;12;23;28;0;21;12;17;14;14;14;164
41SCYC;Cyclops;16;102;0;0;30;37;57;12;23;28;0;25;8;19;6;10;17;153
41SDCRN;Cornugon;25;40;15;3;30;37;57;12;23;28;0;21;12;17;14;14;14;164
41SDCYC;Cyclops;16;40;0;0;30;37;57;12;23;28;0;25;8;19;6;10;17;153
41SDFGNT;Frost Giant;21;53;0;0;30;37;57;12;23;28;0;29;9;21;10;10;10;153
41SDGLB;Glabrezu;24;42;9;4;30;37;57;12;23;28;0;25;10;19;16;16;16;164
41SDGWLF;Greater Werewolf;18;48;0;0;30;37;84;12;23;28;0;18;16;16;10;10;10;117
41SDHRP;Greater Feyr;24;50;15;4;30;37;88;15;23;28;0;16;19;15;14;18;3;255
41SDJI;Djinni;12;45;0;0;30;37;57;14;23;28;0;18;19;14;14;15;15;175
41SDND;Drowned Dead;20;96;0;0;30;37;57;12;23;28;0;22;16;18;9;9;9;167
41SDRABA;Red Abishai;18;24;0;0;30;37;57;12;23;28;0;17;17;17;12;14;16;164
41SDREM;Remorhaz;19;48;0;0;30;37;57;12;23;28;0;26;13;21;5;12;10;255
41SDSAL;Salamander;17;20;7;2;30;37;50;12;23;28;0;14;13;12;14;15;13;161
41SDSCG;Scrag;12;25;0;0;30;37;57;12;23;28;0;23;14;23;6;9;6;165
41SDUHK;Umber Hulk;16;27;0;0;30;37;80;12;23;28;0;23;13;19;9;11;13;166
41SDWLF;Dire Wolf;14;60;3;2;30;37;57;12;23;28;0;25;15;17;3;12;10;117
41SDYET;Yeti;17;22;9;2;30;37;71;12;23;28;0;20;12;16;8;10;11;189
41SEAR16;Earth Elemental;19;152;10;3;30;37;57;14;23;28;0;29;8;21;6;11;11;152
41SEAR20;Greater Earth Elemental;21;199;13;3;30;37;57;14;23;28;0;31;8;21;6;11;11;152
41SEAR24;Elder Earth Elemental;23;228;16;4;30;37;57;14;23;28;0;33;8;21;6;11;11;152
41SEFRET;Efreeti;17;68;0;0;30;37;57;14;23;28;0;23;17;14;12;15;15;175
41SEGBGD;Elite Greater Boneguard;20;84;14;3;30;37;57;14;23;28;0;20;18;18;9;9;9;115
41SENORO;Elite Neo Orog;15;24;0;0;30;37;57;12;23;28;0;16;12;14;10;10;10;160
41SFDND;Festering Drowned Dead;25;136;15;2;30;37;57;12;23;28;0;30;18;18;9;9;9;167
41SFIR16;Fire Elemental;12;136;13;3;30;37;57;14;23;28;0;18;25;18;6;11;11;152
41SFIR24;Fire Elemental;16;204;19;4;30;37;57;14;23;28;0;22;29;18;6;11;11;152
41SFRGNT;Frost Giant;21;125;0;0;30;37;57;12;23;28;0;29;9;21;10;10;10;153
41SGDND;Greater Drowned Dead;20;84;14;2;30;37;67;12;23;28;0;24;18;18;9;9;9;167
41SGFYR;Greater Feyr;24;128;15;4;30;37;88;15;23;28;0;16;19;15;14;18;3;255
41SGLB;Glabrezu;27;85;9;4;30;37;57;12;23;28;0;25;10;19;16;16;16;164
41SGMUM;Greater Mummy;18;84;9;1;30;37;59;12;23;28;0;20;12;18;9;14;12;167
41SGOBLN;Goblin;14;10;0;0;30;37;51;12;23;28;0;8;13;11;10;11;8;155
41SGRBGD;Greater Boneguard;18;52;12;2;30;37;57;14;23;28;0;20;16;18;9;9;9;115
41SGSPI;Giant Spider;16;35;7;1;30;37;57;12;23;28;0;18;18;16;4;4;9;116
41SGVPR;Giant Viper;14;55;5;2;30;37;57;12;23;28;0;14;22;14;3;12;3;255
41SGWWLF;Greater Werewolf;18;120;0;0;30;37;84;12;23;28;0;20;20;16;10;10;10;117
41SHADOW;Shadow;11;36;3;1;30;37;57;12;23;28;0;10;14;10;6;12;13;167
41SHAMAF;Aurilite Stormsister;10;48;0;0;31;57;68;12;31;31;79;14;15;10;10;18;10;1
41SHAMAM;Aurilite Stormbrother;10;48;0;0;31;57;68;12;31;31;79;15;14;10;10;18;10;1
41SHERI;Sherincal;16;96;0;0;30;37;57;12;23;28;0;28;18;14;12;12;18;187
41SHERI2;Sherincal;18;144;0;0;30;37;57;12;23;28;0;29;18;14;12;14;18;187
41SHERI3;Sherincal;20;192;0;0;30;37;57;12;23;28;0;30;18;14;12;16;18;187
41SINV;Invisible Stalker;13;64;6;2;30;37;57;14;23;28;0;18;19;14;14;15;11;152
41SLAIR;Lesser Air Elemental;13;60;10;0;30;37;57;14;23;28;0;14;25;16;6;11;11;152
41SLEAR;Lesser Earth Elemental;19;68;4;2;30;37;57;14;23;28;0;25;8;19;6;11;11;152
41SLFIRE;Lesser Fire Elemental;13;60;8;0;30;37;57;14;23;28;0;14;21;16;6;11;11;152
41SLWAT;Lesser Water Elemental;18;68;6;0;30;37;57;14;23;28;0;18;14;19;6;11;11;152
41SMBER;Mountain Bear;11;76;3;2;30;37;57;12;23;28;0;27;13;19;3;12;6;103
41SMUMK;Mummy King;20;100;15;2;30;37;57;12;23;28;0;20;18;16;9;9;9;167
41SORC;Orc;14;12;0;0;30;37;48;12;23;28;0;15;10;11;9;8;8;160
41SOTY;Otyugh;17;60;0;0;30;37;69;12;23;28;0;11;10;13;5;12;6;255
41SPITFI;Gelugon;27;96;14;5;30;37;57;14;23;28;0;23;13;21;22;22;16;164
41SPNT;Panther;11;25;3;3;30;37;57;12;23;28;0;16;19;15;3;12;6;255
41SPOZM2;Poison Zombie;14;32;6;2;30;37;57;14;23;28;0;14;16;16;9;9;9;167
41SPOZMB;Poison Zombie;14;32;6;2;30;37;57;14;23;28;0;14;16;16;9;9;9;167
41SPSPI;Phase Spider;15;44;8;2;30;37;57;12;23;28;0;14;18;16;4;4;9;116
41SRABA;Red Abishai;18;36;6;4;30;37;57;12;23;28;0;17;17;17;12;14;16;164
41SREM;Remorhaz;19;120;0;0;30;37;57;12;23;28;0;26;13;21;5;12;10;255
41SSCG;Scrag;12;63;0;0;30;37;57;12;23;28;0;23;14;23;6;9;6;165
41SSCRN;Cornugon;25;20;15;3;30;37;57;12;23;28;0;21;12;17;14;14;14;164
41SSCYC;Cyclops;16;20;0;0;30;37;57;12;23;28;0;25;8;19;6;10;17;153
41SSDW15;Shadow;11;61;0;0;30;37;57;12;23;28;0;14;14;14;6;12;13;167
41SSDW19;Shadow;15;89;0;0;30;37;57;12;23;28;0;14;14;14;6;12;13;167
41SSDW21;Shadow;15;103;0;0;30;37;57;12;23;28;0;14;14;14;6;12;13;167
41SSDW9;Shadow;11;19;0;0;30;37;57;12;23;28;0;14;14;14;6;12;13;167
41SSFGNT;Frost Giant;21;25;0;0;30;37;57;12;23;28;0;29;9;21;10;10;10;153
41SSGLB;Glabrezu;24;21;9;4;30;37;57;12;23;28;0;25;10;19;16;16;16;164
41SSGWLF;Greater Werewolf;18;24;0;0;30;37;84;12;23;28;0;20;20;16;10;10;10;117
41SSHCRN;Cornugon;25;60;15;3;30;37;57;12;23;28;0;21;12;17;14;14;14;164
41SSHFGT;Frost Giant;21;79;0;0;30;37;57;12;23;28;0;29;9;21;10;10;10;153
41SSHGLB;Glabrezu;24;62;9;4;30;37;57;12;23;28;0;25;10;19;16;16;16;164
41SSHGWF;Greater Werewolf;18;72;0;0;30;37;84;12;23;28;0;20;20;16;10;10;10;117
41SSHHRP;Greater Feyr;24;76;15;4;30;37;88;15;23;28;0;16;19;15;14;18;3;255
41SSHM;Shambling Mound;18;96;0;0;30;37;57;14;23;28;0;21;10;17;7;10;9;152
41SSHRAB;Red Abishai;18;24;0;0;30;37;57;12;23;28;0;17;17;17;12;14;16;164
41SSHREM;Remorhaz;19;72;0;0;30;37;57;12;23;28;0;26;13;21;5;12;10;255
41SSHRP;Greater Feyr;24;25;15;4;30;37;88;15;23;28;0;16;19;15;14;18;3;255
41SSKL;Skeleton;13;24;3;1;30;37;57;14;23;28;0;12;15;15;9;9;9;115
41SSKLAR;Skeleton Archer;13;21;3;1;30;37;57;14;23;28;0;12;15;15;9;9;9;115
41SSLON;Spotted Lion;13;50;5;3;30;37;57;12;23;28;0;21;17;15;3;12;6;255
41SSNK;Snake;14;18;4;1;30;37;57;12;23;28;0;10;17;11;3;12;3;255
41SSPIDR;Spider;11;10;0;0;30;37;73;12;23;28;0;7;17;10;3;10;3;116
41SSRABA;Red Abishai;18;12;0;0;30;37;57;12;23;28;0;17;17;17;12;14;16;164
41SSREM;Remorhaz;19;24;0;0;30;37;57;12;23;28;0;26;13;21;5;12;10;255
41SSSAL;Salamander;17;10;7;2;30;37;50;12;23;28;0;14;13;12;14;15;13;161
41SSSCG;Scrag;12;12;0;0;30;37;57;12;23;28;0;23;14;23;6;9;6;165
41SSSPI;Sword Spider;17;45;8;4;30;37;69;12;23;28;0;14;18;16;4;4;9;116
41SSUHK;Umber Hulk;16;14;0;0;30;37;80;12;23;28;0;23;13;19;9;11;13;166
41SWAT16;Water Elemental;17;152;10;3;30;37;57;14;23;28;0;24;18;21;6;11;11;152
41SWAT24;Water Elemental;17;228;16;4;30;37;57;14;23;28;0;28;22;21;6;11;11;152
41SWLF;Wolf;12;19;2;1;30;37;57;12;23;28;0;13;15;15;3;12;6;117
41SWOLF;Wolf;12;13;0;0;30;37;62;12;23;28;0;13;15;15;3;12;6;117
41SWRG;Worg;12;55;6;2;30;37;57;12;23;28;0;21;14;17;6;14;10;117
41SWTWLF;Winter Wolf;14;62;5;1;30;37;57;12;23;28;0;18;13;16;9;13;10;117
41SWYV;Wyvern;16;63;0;0;30;37;57;14;23;28;0;19;12;15;6;12;9;118
41SZMB;Zombie;12;16;1;1;30;37;57;14;23;28;0;15;12;15;9;9;9;167
41SZMBL2;Greater Zombie Lord;20;90;16;2;30;37;57;14;23;28;0;20;16;18;9;9;9;167
41SZMBLO;Zombie Lord;18;60;14;2;30;37;57;14;23;28;0;16;15;18;9;9;9;167
41TEMLEV;Temple Stair Lever;15;1000;0;1;30;37;57;12;23;28;0;12;18;14;18;18;9;255
41THAGRO;Thagro;10;1;2;1;31;57;58;12;31;31;0;16;15;11;11;17;12;1
41TROICE;Ice Troll;12;16;4;2;30;37;57;12;23;28;0;19;12;16;9;10;6;165
41TROSNO;Snow Troll;16;27;4;3;30;37;74;12;23;28;0;23;14;23;6;9;6;171
41VRASSI;Vrassillus;20;60;7;2;30;29;27;12;21;27;0;20;10;10;3;12;3;156
41WABISH;Lesser White Abishai;14;3;4;3;30;37;57;12;23;28;0;13;15;15;10;12;12;164
41WARRIO;Talisman Warrior;12;120;0;0;80;99;59;113;60;67;100;22;12;10;10;10;14;7
41WYVERN;Soarsmen;16;45;5;4;30;37;57;12;23;28;0;19;12;15;6;12;9;118
41XHAAN;Xhaan;14;3;4;3;30;37;57;12;23;28;0;13;15;15;12;12;12;164
41ZACK;Zack Boosenburry;10;88;4;1;30;48;43;14;21;28;5;10;14;10;18;18;10;6
50ABOMIN;Abominable Snowman;15;96;10;5;30;37;63;12;23;28;0;26;11;16;9;12;11;189
50AGOG;Agog;18;72;13;2;39;38;39;13;23;30;0;22;10;10;10;10;10;156
50AGOGH;Agog;18;72;13;2;39;38;39;13;23;30;0;22;10;10;10;10;10;156
50BARLD;Barbarian Warrior;13;156;0;0;30;37;38;12;23;28;0;18;15;16;10;10;10;1
50BARSH;Barbarian Shaman;13;76;0;0;30;37;43;12;23;28;0;14;12;14;10;18;10;1
50BARSHH;Barbarian Shaman;13;76;0;0;30;37;43;12;23;28;0;14;12;14;10;18;10;1
50BARW2;Barbarian Warrior;13;96;0;0;30;37;38;12;23;28;0;16;16;16;10;10;10;1
50BARWA;Barbarian Warrior;13;96;0;0;30;37;38;12;23;28;0;16;16;16;10;10;10;1
50BARWAH;Barbarian Warrior;13;96;0;0;30;37;38;12;23;28;0;16;16;16;10;10;10;1
50BARWAR;Barbarian Warrior;13;96;0;0;30;37;38;12;23;28;0;16;16;16;10;10;10;1
50BONES;Skeleton;0;1;0;0;0;0;55;0;0;0;0;10;10;10;10;10;10;1
50CARITA;Carita;10;4;0;0;30;53;39;12;23;28;4;10;10;10;10;10;10;1
50CARYNA;Carynara the Dryad;10;12;1;0;30;51;54;13;52;28;5;10;15;11;14;15;18;120
50CHILDF;Young Girl;10;2;0;0;30;38;39;12;23;28;3;10;10;10;10;10;10;1
50CHILDM;Young Boy;10;2;0;0;30;38;39;12;23;28;3;10;10;10;10;10;10;1
50CORPSE;Barbarian Warrior;0;1;0;0;0;0;55;0;0;0;0;10;10;10;10;10;10;1
50DOP;Doppelganger;14;32;3;2;39;38;57;12;23;30;0;12;13;12;13;14;13;106
50DRAWY;White Dragon;23;180;14;3;30;37;63;12;23;28;0;19;10;17;8;11;8;154
50ELEEA;Earth Elemental;18;152;11;3;30;37;43;14;23;28;0;29;8;21;6;11;11;152
50ETR;Ettercap;11;45;3;3;39;38;62;12;23;30;0;10;17;13;6;15;8;107
50GHOAR;Ghost;20;65;10;1;30;38;39;12;91;30;1;30;13;14;9;14;9;167
50GHOBA;Ghost;20;65;10;1;27;63;63;13;64;27;5;30;13;14;9;14;9;167
50GHOHU;Ghost;20;65;10;1;30;40;41;12;93;28;4;30;13;14;9;14;9;167
50GNTFO;Brogrob;22;104;9;0;30;37;39;12;23;28;0;24;8;20;10;10;13;153
50HADBRU;Hadbruki;13;103;0;0;30;37;43;12;23;28;0;14;14;13;10;18;10;1
50HANNU;Little Hannu;10;2;0;0;30;38;39;12;23;28;4;10;18;10;10;10;10;1
50HGHOST;Hunter's Ghost;20;65;10;0;27;63;63;13;64;27;5;30;13;14;10;14;10;167
50HNT;Hunter;10;30;0;0;30;38;39;12;23;28;3;14;14;12;10;16;10;1
50HNT2;Hunter;10;30;0;0;30;40;41;12;23;28;3;14;14;12;10;16;10;1
50HNT3;Hunter;10;30;0;0;30;42;43;12;23;28;1;14;14;12;10;16;10;1
50ISAIR;Isair;40;1000;0;0;30;38;49;12;23;28;3;9;9;9;9;9;9;3
50JARI;Jari;10;10;0;0;30;38;39;12;23;28;4;15;14;12;10;16;10;1
50KURTTU;Kurttu;10;4;0;0;30;42;43;12;23;28;5;10;10;10;10;10;10;1
50KYOSTI;Kyosti's Ghost;40;80;0;0;27;63;63;13;64;27;5;30;13;14;9;14;9;167
50LEEVI;Leevi;10;60;0;0;30;36;43;12;23;28;3;14;14;12;10;16;10;1
50LIMHA;Limha;40;1000;0;0;33;46;47;13;47;33;4;10;14;10;19;10;16;1
50LIMHA2;Limha;15;78;0;0;33;46;47;13;47;33;4;10;14;10;19;10;16;1
50MADAE;Madae;40;1000;0;0;30;38;48;12;23;28;3;9;9;9;9;9;9;3
50NWSOLD;Neverwinter Soldier;14;32;3;1;39;38;57;12;23;30;0;12;13;12;13;14;13;106
50NYM;Nym;10;102;0;0;27;59;60;66;66;27;79;16;18;10;16;13;14;183
50PAIRI;Pairi;10;6;0;0;30;38;39;12;23;28;3;10;14;10;14;10;18;3
50RDEAR;Restless Dead;12;60;5;1;30;38;67;5;23;28;0;10;16;10;14;14;15;167
50RDEBA;Restless Dead;12;60;5;1;30;38;67;13;23;28;0;10;16;10;14;14;15;167
50RDEHU;Restless Dead;12;60;5;1;30;38;67;13;23;28;0;10;16;10;14;14;15;167
50SPIFH;Frost Spider;13;80;5;3;30;37;14;12;23;28;0;19;17;12;10;10;3;116
50SPIFH2;Frost Spider;13;80;5;3;30;37;14;12;23;28;0;19;17;12;10;10;3;116
50SPIFR;Frost Spider;13;80;5;3;30;37;14;12;23;28;0;19;17;12;10;10;3;116
50SPIFR2;Frost Spider;13;80;5;3;30;37;14;12;23;28;0;19;17;12;10;10;3;116
50SPIFRR;Frost Spider;13;80;5;3;30;37;14;12;23;28;0;19;17;12;10;10;3;116
50SUOMA;Suoma the Elder;10;36;0;0;30;47;43;12;23;28;5;10;10;12;18;18;10;1
50TAHVO;Tahvo the Huntmaster;10;100;0;0;30;64;65;12;23;28;5;16;14;14;10;14;10;1
50THVARA;Thvara Baelm;10;56;0;0;30;63;57;12;23;28;3;14;13;12;10;18;10;1
50TREDA;Dark Treant;21;64;4;2;30;37;39;12;23;28;0;29;8;21;12;15;12;152
50TREDE;Elder Dark Treant;21;96;7;2;30;37;41;12;23;28;0;29;8;21;12;15;12;152
50TREDG;Greater Dark Treant;21;80;5;2;30;37;38;12;23;28;0;29;8;21;12;15;12;152
50TROSG;Greater Snow Troll;16;84;6;3;30;37;62;12;23;28;0;23;14;23;6;9;6;165
50TROSGR;Greater Snow Troll;16;84;6;3;30;37;62;12;23;28;0;23;14;23;6;9;6;165
50TROSH;Snow Troll;16;60;4;3;30;37;61;12;23;28;0;23;14;23;6;9;6;165
50TROSN;Snow Troll;16;60;4;3;30;37;61;12;23;28;0;23;14;23;6;9;6;165
50TROSNR;Snow Troll;16;60;4;3;30;37;61;12;23;28;0;23;14;23;6;9;6;165
50TROSS;Snow Troll Shaman;16;88;6;3;30;37;61;12;23;28;0;23;14;23;6;13;6;165
50TROSSH;Snow Troll Shaman;16;88;6;3;30;37;61;12;23;28;0;23;14;23;6;13;6;165
50VENLA;Venla the Healer;10;48;0;0;30;38;39;12;23;28;4;10;10;14;10;19;14;1
50VIL;Villager;10;4;0;0;30;38;39;12;23;28;3;10;10;10;10;10;10;1
50VIL2;Villager;10;4;0;0;30;40;41;12;23;28;3;10;10;10;10;10;10;1
50VIL3;Villager;10;4;0;0;30;42;43;12;23;28;1;10;10;10;10;10;10;1
50WFDFH;Ferocious Dire Wolf;12;64;7;1;30;37;65;12;23;28;0;25;15;17;3;12;10;117
50WFDH;Dire Wolf;12;48;5;1;30;37;64;12;23;28;0;25;15;17;3;12;10;117
50WFWGH;Greater Winter Wolf;14;80;8;1;30;37;63;12;23;28;0;18;13;16;9;13;10;117
50WFWH;Winter Wolf;14;60;6;1;30;37;64;12;23;28;0;18;13;16;9;13;10;117
50WIL;Will o'wisp;20;72;16;1;30;37;50;12;23;28;0;10;29;10;15;16;12;192
50WIL2;Witch Light;20;88;18;1;30;37;51;12;23;28;0;10;29;10;15;16;12;192
50WIL3;Death's Candle;20;104;19;1;30;37;25;12;23;28;0;10;29;10;15;16;12;192
50WILH;Will o'wisp;20;72;16;1;30;37;50;12;23;28;0;10;29;10;15;16;12;192
50WILX;Will o'wisp;60;72;16;1;30;37;50;12;23;28;0;10;29;10;15;16;12;192
50WIT;Wight;14;48;2;1;30;39;49;12;23;28;0;12;12;10;11;13;15;167
50WITBA;Sordirsin the Tusked;19;108;5;0;30;39;51;12;23;28;0;22;12;14;11;13;15;167
50WITBX;Sordirsin the Tusked;19;108;5;0;30;39;51;12;23;28;0;22;12;14;11;13;15;167
50WLFDF;Ferocious Dire Wolf;12;64;7;1;30;37;65;12;23;28;0;25;15;17;3;12;10;117
50WLFDFR;Ferocious Dire Wolf;12;64;7;1;30;37;65;12;23;28;0;25;15;17;3;12;10;117
50WLFDI;Dire Wolf;12;48;5;1;30;37;64;12;23;28;0;25;15;17;3;12;10;117
50WLFDIR;Dire Wolf;12;48;5;1;30;37;64;12;23;28;0;25;15;17;3;12;10;117
50WLFWG;Greater Winter Wolf;14;80;8;1;30;37;64;12;23;28;0;18;13;16;9;13;10;117
50WLFWGR;Greater Winter Wolf;14;80;8;1;30;37;64;12;23;28;0;18;13;16;9;13;10;117
50WLFWI;Winter Wolf;14;60;6;1;30;37;64;12;23;28;0;18;13;16;9;13;10;117
50WLFWIR;Winter Wolf;14;60;6;1;30;37;64;12;23;28;0;18;13;16;9;13;10;117
50WYRWH;White Wyrm;16;120;8;2;30;37;57;12;23;28;0;19;12;15;6;12;9;118
50WYV;Wyvern;16;84;5;2;30;37;36;12;23;28;0;19;12;15;6;12;9;118
50WYVH;Wyvern;16;84;5;2;30;37;36;12;23;28;0;19;12;15;6;12;9;118
50WYVR;Wyvern;16;84;5;2;30;37;36;12;23;28;0;19;12;15;6;13;9;118
50ZOM;Possessed Corpse;17;50;6;1;30;37;39;12;23;28;0;9;9;9;9;9;9;167
50ZOM1;Possessed Corpse;17;50;6;1;30;37;39;12;23;28;0;9;9;9;9;9;9;167
50ZOM2;Possessed Corpse;17;50;6;1;30;37;39;12;23;28;0;9;9;9;9;9;9;167
50ZOM3;Possessed Corpse;17;50;6;1;30;37;39;12;23;28;0;9;9;9;9;9;9;167
50ZOM4;Possessed Corpse;17;50;6;1;30;37;39;12;23;28;0;9;9;9;9;9;9;167
50ZOM5;Possessed Corpse;17;50;6;1;30;37;39;12;23;28;0;9;9;9;9;9;9;167
51BARUD;Barud Barzam;10;140;0;0;30;66;58;14;21;28;5;16;10;17;10;18;8;4
51BEAWA;War Bear;14;64;5;3;30;37;41;12;23;28;0;27;13;19;3;12;6;103
51BEEFD;Fire Beetle;16;8;1;1;30;37;46;12;23;28;0;10;11;11;10;10;7;150
51BEEFI;Fire Beetle;15;7;4;1;30;37;46;12;23;28;0;12;20;15;3;3;3;150
51CATBA;Battle Cat;12;48;3;4;30;37;0;12;23;28;0;23;15;17;3;12;6;117
51DARGAB;Dargab the Slave-Master;10;90;0;0;30;66;54;14;21;28;6;18;14;18;10;10;8;4
51DRAGU;Dragu Ironbreaker;10;60;0;0;30;61;62;14;21;28;5;15;10;18;16;10;8;4
51DRAWY;White Dragon;23;180;14;3;30;37;63;12;23;28;0;19;10;17;8;11;8;154
51DUEBO;Duergar Bolter;10;60;0;0;30;61;62;14;21;28;5;12;18;18;10;10;8;4
51DUECL;Duergar Cleric;10;40;0;0;30;63;64;14;21;28;0;14;14;13;10;18;8;4
51DUEWA;Duergar Warrior;10;60;0;0;30;64;66;14;21;28;0;18;13;18;10;10;8;4
51HARHOR;Harhord Dorm;10;120;0;0;30;66;66;14;21;28;0;18;15;18;10;10;8;4
51HARSHO;The Beastlord Harshom;10;92;0;0;25;25;63;12;95;99;110;14;14;10;18;10;16;1
51HHR;Hook Horror;16;70;4;3;30;37;61;12;23;28;0;17;13;16;6;11;10;181
51HHRGH;Hook Horror Guardian;18;90;4;3;30;37;54;12;23;28;0;25;11;20;6;11;10;181
51HHRGU;Hook Horror Guardian;18;90;4;3;30;37;54;12;23;28;0;25;11;20;6;11;10;181
51HHRH;Hook Horror;16;70;4;3;30;37;61;12;23;28;0;17;13;16;6;11;10;181
51HHRMA;Hook Horror Matriarch;16;110;6;3;30;37;47;12;23;28;0;29;11;24;6;11;10;181
51HNTMN;Huntsman;10;60;0;0;30;52;53;12;21;28;1;15;18;14;10;10;10;1
51HSTMU;Hosttower Mage;10;24;0;0;26;26;63;12;22;26;1;10;13;10;18;10;16;6
51OCH;Ochre Jelly;9;60;3;1;30;37;51;12;23;28;0;15;3;15;10;3;3;119
51OCHH;Ochre Jelly;9;60;3;1;30;37;51;12;23;28;0;15;3;15;10;3;3;119
51OCHX;Ochre Jelly;9;60;3;1;30;37;51;12;23;28;0;15;3;15;10;3;3;119
51ORCSS;Orc Slave-Soldier;15;38;4;0;30;37;48;12;23;28;0;15;10;11;9;8;8;160
51OTID;Orc Slave-Soldier;15;38;4;0;30;37;48;12;23;28;0;15;10;11;9;8;8;160
51SHA;Shambler;22;128;10;2;30;37;53;12;23;28;0;29;8;21;7;10;9;176
51SPE;Spectre;12;84;6;1;27;63;63;13;63;27;5;10;16;10;14;14;15;167
51TROIC;Ice Troll;12;52;3;2;30;37;71;12;23;28;0;19;12;16;9;10;6;165
51UMB;Umber Hulk;16;64;5;3;30;37;41;12;23;28;0;23;13;19;9;11;13;166
51UMBR;Umber Hulk;16;64;5;3;30;37;41;12;23;28;0;23;13;19;9;11;13;166
51WYRWH;White Wyrm;16;120;8;2;30;37;57;12;23;28;0;19;12;15;6;12;9;118
51ZAMA;Zama Rogadimne;10;64;0;0;30;44;45;14;21;28;0;14;10;18;10;18;8;4
52ARUMA;Aruma Blane;10;144;0;0;30;46;66;84;47;28;0;14;20;10;10;16;10;1
52BARUD;Barud Barzam;10;140;0;0;30;66;58;14;21;28;5;16;10;17;10;18;8;4
52BERED;Bered;10;56;0;0;30;47;66;12;66;28;5;13;16;10;10;16;10;1
52DARGAB;Dargab the Slave-Master;10;90;0;0;30;66;54;14;21;28;6;18;14;18;10;10;8;4
52DOLON;Dolon Daemba;10;72;0;0;30;66;45;82;91;28;0;12;18;12;12;10;18;1
52DUEBO;Duergar Bolter;10;60;0;0;30;61;62;14;21;28;5;12;18;18;10;10;8;4
52DUEBOX;Duergar Bolter;10;60;0;0;30;61;62;14;21;28;5;12;18;18;10;10;8;4
52DUECL;Duergar Cleric;10;40;0;0;30;63;64;14;21;28;0;14;14;13;10;18;8;4
52DUECLX;Duergar Cleric;10;40;0;0;30;63;64;14;21;28;0;12;16;13;10;18;8;4
52DUELE;Duergar Commander;10;120;0;0;30;66;66;14;21;28;0;18;15;18;10;10;8;4
52DUEWA;Duergar Warrior;10;60;0;0;30;64;66;14;21;28;0;18;13;18;10;10;8;4
52DUEWAX;Duergar Warrior;10;60;0;0;30;64;66;14;21;28;0;18;13;18;10;10;8;4
52GOLIR;Iron Golem;30;99;12;2;30;37;98;12;23;28;0;33;9;10;10;11;3;156
52HARHOR;Harhord Dorm;10;120;0;0;30;66;66;14;21;28;0;18;15;18;10;10;8;4
52MNKBR;Brass Monk;13;72;0;0;25;67;67;25;25;25;25;10;18;10;10;18;10;156
52MNKCB2;Iron Monk;13;100;18;3;30;47;66;30;30;30;30;10;18;10;10;18;10;156
52MNKCB3;Iron Monk;13;100;18;4;30;47;66;30;30;30;30;10;18;10;10;18;10;156
52MNKCL;Clockwork Monk;13;72;0;0;98;47;66;98;98;98;98;10;18;10;10;18;10;156
52MNKCRB;Iron Monk;13;72;0;0;30;47;66;30;30;30;30;10;18;10;10;18;10;156
52MNKCRG;Crystalline Monk;13;72;0;0;69;47;66;69;69;69;69;10;18;10;10;18;10;156
52MNKF;Monk;10;56;0;0;30;47;66;12;66;28;2;11;18;10;10;18;10;1
52MNKFL;Monk;10;56;0;0;30;47;66;12;66;28;2;11;18;10;10;18;10;1
52MNKFLX;Monk;10;56;0;0;30;47;66;12;66;28;2;11;18;10;10;18;10;1
52MNKM;Monk;10;56;0;0;30;47;66;12;66;28;2;13;16;10;10;18;10;1
52MNKMH;Monk;10;56;0;0;30;47;66;12;66;28;2;13;16;10;10;18;10;1
52MNKML;Monk;10;56;0;0;30;47;66;12;66;28;2;13;16;10;10;18;10;1
52MNKMLX;Monk;10;56;0;0;30;47;66;12;66;28;2;13;18;10;10;18;10;1
52MNKSA;Sand Monk;20;72;0;0;99;99;99;99;99;99;99;10;18;10;10;18;10;156
52MNKSH;Shadow Monk;13;48;0;0;75;75;75;75;75;75;75;10;18;10;10;18;10;156
52MNKST;Stone Monk;13;40;0;0;102;47;66;102;102;102;102;10;18;10;10;18;10;156
52MOROHE;Morohem;10;56;0;0;30;66;66;87;66;28;0;13;16;10;10;18;10;1
52NONIN;Nonin;10;56;0;0;30;47;66;12;66;28;3;13;18;10;10;18;10;1
52ORCSS;Orc Slave-Soldier;15;38;4;0;30;37;48;12;23;28;0;15;10;11;9;8;8;160
52PORTAL;Iron Monk;20;100;18;4;30;47;66;30;30;30;30;10;10;10;10;10;10;156
52PROXI;Brass Monk;15;60;9;2;25;58;58;114;63;52;0;10;10;10;10;10;10;156
52SALISA;Salisam Harbash;10;64;0;0;30;47;66;114;66;28;0;14;18;10;10;18;10;1
52SALISX;Salisam Harbash;10;64;0;0;30;47;66;114;66;28;0;14;18;10;10;18;10;1
52SERSA;Sersa;10;56;0;0;30;47;66;13;66;28;0;10;18;10;10;18;8;1
52SPIPW;Poisonweb Spider;11;16;4;1;30;61;46;12;91;28;2;11;17;12;10;10;3;116
52SPIPWR;Poisonweb Spider;11;16;4;1;30;61;46;12;91;28;2;11;17;12;10;10;3;116
52SVALTI;Svaltid Hanarsen;10;120;0;0;30;66;66;85;47;28;3;14;18;10;10;18;10;1
52VEN;Ven;10;42;0;0;30;46;66;84;65;28;0;12;19;12;12;12;10;1
52VENH;Ven;10;42;0;0;30;46;66;84;65;28;0;12;19;12;12;12;10;1
52WYRWH;White Wyrm;16;120;8;2;30;37;57;12;23;28;0;19;12;15;6;12;9;118
52WYRWHR;White Wyrm;16;120;8;2;30;37;57;12;23;28;0;19;12;15;6;12;9;118
52YETGH;Ferocious Yeti;13;64;7;2;30;37;63;12;23;28;0;18;13;12;9;12;11;189
52YETTG;Ferocious Yeti;13;64;7;2;30;37;63;12;23;28;0;18;13;12;9;12;11;189
52YETTGR;Ferocious Yeti;13;64;7;2;30;37;63;12;23;28;0;18;13;12;9;12;11;189
52YETTU;Tundra Yeti;13;48;5;2;30;37;63;12;23;28;0;18;13;12;9;12;11;189
52YETTUR;Tundra Yeti;13;48;3;2;30;37;63;12;23;28;0;18;13;12;9;12;11;189
52YETUH;Tundra Yeti;13;48;5;2;30;37;63;12;23;28;0;18;13;12;9;12;11;189
52ZAMA;Zama Rogadimne;10;64;0;0;30;44;45;14;21;28;0;14;10;18;10;18;8;4
53ABDOSH;Abdoshanheth;13;64;7;4;30;37;44;12;23;28;0;12;14;12;19;17;17;184
53BEELTH;Beelthot;13;64;7;4;30;37;44;12;23;28;0;12;14;12;19;17;17;184
53BLUMYC;Blue Myconid;11;64;6;2;30;37;58;12;23;28;0;13;8;15;8;11;8;159
53CELEDR;Celeridrider;15;108;8;0;30;37;62;12;23;28;0;20;15;20;15;16;16;182
53CRADDR;Cradoldrider;15;96;7;0;30;37;59;12;23;28;0;19;15;20;15;17;16;182
53DEEPTH;Svirfneblin Thrall;15;12;0;0;30;64;64;12;23;28;0;14;18;16;10;12;6;6
53DESATH;Derro Savant Thrall;10;20;0;0;30;50;56;17;22;28;3;10;18;16;18;10;6;4
53DESPGU;House Despana Guard;11;60;0;0;29;57;58;66;21;29;79;18;19;10;12;10;12;2
53DRACAH;Shadow Drake;18;120;8;2;30;37;66;12;23;28;0;19;12;15;6;12;9;118
53DRFIT2;Drow Fighter Thrall;11;60;0;0;29;57;58;66;21;29;79;18;19;10;12;10;12;2
53DRFITH;Drow Fighter Thrall;11;60;0;0;29;57;58;66;21;29;79;18;19;10;12;10;12;2
53DRIDFI;Drider Fighter;15;108;8;0;30;37;50;12;23;28;0;18;15;16;15;16;16;182
53DRIDPR;Drider Priestess;15;96;7;0;30;37;46;12;23;28;0;16;15;16;15;17;16;182
53DRIDWI;Drider Wizard;15;72;4;0;30;37;57;12;23;28;0;15;15;16;16;16;16;182
53DRIFIH;Drider Fighter;15;108;8;0;30;37;50;12;23;28;0;18;15;16;15;16;16;182
53DRIPRH;Drider Priestess;15;96;7;0;30;37;46;12;23;28;0;16;15;16;15;17;16;182
53DRIWIH;Drider Wizard;15;72;4;0;30;37;57;12;23;28;0;15;15;16;16;16;16;182
53DROAS;Drow Assassin;13;64;0;0;29;57;27;66;21;29;79;18;20;10;12;10;12;2
53DROPR;Drow Priestess;10;104;0;0;30;45;58;66;101;28;79;14;16;10;12;19;12;2
53DROSS;Drow Deathsinger;10;66;0;0;30;99;59;66;47;28;79;16;16;10;18;10;12;2
53DRWITH;Drow Wizard Thrall;10;20;0;0;30;99;67;18;47;28;79;12;18;10;19;10;12;2
53DUFIT2;Duergar Fighter Thrall;11;60;0;0;29;52;69;14;21;29;6;18;13;18;10;10;6;4
53DUFITH;Duergar Fighter Thrall;11;60;0;0;29;52;69;14;21;29;6;18;13;18;10;10;6;4
53EAELEM;Earth Elemental;18;68;6;2;30;37;57;14;23;28;0;25;8;19;6;11;11;152
53ECKTAR;Ecktarr'ilsen'ularr;13;136;13;4;30;37;44;12;23;28;0;12;14;12;20;18;17;184
53ELDERB;Elder Brain;14;176;0;0;30;37;57;12;23;28;0;10;10;10;22;20;10;1
53FGOLEM;Flesh Golem;19;49;5;2;30;37;53;12;23;28;0;21;9;10;10;11;3;156
53FOMOTH;Fomorian Thrall;22;104;9;2;30;37;57;12;23;28;0;24;8;20;10;10;13;153
53FORGE;Anvil;60;9999;0;0;30;37;47;12;23;28;0;10;10;10;10;10;10;255
53GALOOM;Galoombethshe;13;64;7;4;30;37;44;12;23;28;0;12;14;12;19;17;17;184
53GINAFA;Ginafae Despana;15;96;7;0;30;37;44;12;23;28;0;15;15;16;15;18;16;116
53GINAFD;Ginafae Despana;17;56;0;0;30;31;44;66;31;28;79;12;16;10;12;19;12;2
53GOBFOD;Goblin Fodder;14;8;2;1;30;37;55;12;23;28;0;8;13;11;10;11;8;155
53GOLIM;Enhanced Flesh Golem;17;90;5;2;30;37;54;12;23;28;0;25;9;10;10;11;3;156
53GOLIMH;Enhanced Flesh Golem;17;90;5;2;30;37;54;12;23;28;0;25;9;10;10;11;3;156
53GOLIMX;Enhanced Flesh Golem;60;999;10;3;30;37;54;12;23;28;0;25;9;10;10;11;3;156
53HARPY;Harpy;11;56;2;2;30;37;53;12;23;28;0;10;15;10;7;10;15;174
53HEGGR;Heggr Splitsteel;10;88;0;0;30;39;25;11;22;30;4;14;12;16;10;18;8;4
53IMPHRA;Imphraili Asserbai;13;52;0;0;27;46;47;12;21;28;0;12;14;12;18;10;10;1
53KADRES;Kadresh Olonrae;10;120;0;0;57;96;29;66;28;28;74;12;20;10;12;18;12;2
53LAB; conversion poison that will turn the Viciscamera's defenses against itself.;60;9999;0;0;30;37;47;12;23;28;0;10;10;10;10;10;10;255
53LIGGEN;Lightning Generator;17;50;0;0;30;37;78;12;23;28;0;10;10;10;10;10;10;156
53MAJRAS;Majrash;10;40;0;0;25;75;47;87;23;25;87;12;18;11;17;11;13;1
53MALAVO;Malavon Despana;10;80;0;0;27;59;60;66;56;27;79;11;17;15;20;13;12;2
53MARALI;Maralie Fiddlebender;10;3;0;0;29;21;53;12;92;27;25;3;9;8;13;13;12;6
53MGOLEM;Mind Golem;30;99;12;2;30;37;52;12;23;28;0;33;9;10;10;11;3;156
53MINOTH;Minotaur Thrall;14;48;6;0;30;37;57;12;23;28;0;19;10;15;7;10;8;179
53MIRABE;Mirabel;10;40;0;0;60;60;47;9;47;60;0;7;13;15;16;18;12;1
53MORHIZ;Morhizulosh;13;64;7;4;30;37;44;12;23;28;0;12;14;12;19;17;17;184
53MYCBLH;Blue Myconid;11;64;6;2;30;37;58;12;23;28;0;13;8;15;8;11;8;159
53MYCREH;Red Myconid;9;80;7;2;30;37;46;12;23;28;0;17;8;19;9;11;8;159
53MYRVEK;Myrvek of Gracklstugh;13;84;0;0;32;58;56;17;23;29;3;8;18;10;17;12;15;4
53NADAL;Nadal;15;78;5;3;30;37;50;12;23;28;0;16;15;16;15;16;16;182
53OINCHA;Oinchack'olp;13;64;7;4;30;37;44;12;23;28;0;12;14;12;19;17;17;184
53OOLAY;Oolay;13;64;7;4;30;37;44;12;23;28;0;12;14;14;19;17;17;184
53OSWALD;Oswald Fiddlebender;10;30;0;0;30;50;46;10;23;28;5;8;16;10;18;9;9;6
53POD;Viciscamera Cocoon;10;100;0;1;30;37;61;12;23;28;0;10;10;10;10;10;10;255
53REDMYC;Red Myconid;9;80;7;2;30;37;46;12;23;28;0;17;8;19;9;11;8;159
53RNDMYC;Red Myconid;9;80;7;2;30;37;46;12;23;28;0;17;8;19;9;11;8;159
53SORAPP;Sorcere Apprentice;10;20;0;0;30;99;67;66;47;28;79;12;18;10;19;10;12;2
53SORN;Sorn;15;60;3;3;30;37;57;12;23;28;0;15;15;16;16;16;16;116
53SPICRA;Cradoldrider Spawn;13;80;5;1;30;37;69;12;23;28;0;19;17;12;10;10;3;116
53SPIGIN;Ginafae's Spider;13;80;5;2;30;37;14;12;23;28;0;19;17;12;10;10;3;116
53SPISW;Sword Spider;13;80;5;5;30;37;14;12;23;28;0;19;17;12;10;10;3;116
53SPISWH;Sword Spider;13;80;5;5;30;37;14;12;23;28;0;19;17;12;10;10;3;116
53SPITDR;Spithdrider;12;108;8;0;30;37;59;12;23;28;0;18;16;16;15;16;16;116
53VALAS;Valas Rrostarr;11;110;0;0;27;47;26;21;27;28;79;18;20;11;13;10;12;2
53VICISC;Viciscamera Heart;12;250;0;1;30;37;57;12;23;28;0;10;10;10;10;10;10;255
53VIDRF2;Viciscamera Drider Fighter;15;108;8;0;30;37;51;12;23;28;0;22;15;20;15;16;16;182
53VIDRFI;Viciscamera Drider Fighter;15;108;8;0;30;37;51;12;23;28;0;22;15;20;15;16;16;182
53VIDRP2;Viciscamera Drider Priestess;15;96;7;0;30;37;47;12;23;28;0;20;15;20;15;17;16;182
53VIDRPR;Viciscamera Drider Priestess;15;96;7;0;30;37;47;12;23;28;0;20;15;20;15;17;16;182
53VIDRW2;Viciscamera Drider Wizard;15;72;4;0;30;37;58;12;23;28;0;19;15;20;16;16;16;182
53VIDRWI;Viciscamera Drider Wizard;15;72;4;0;30;37;58;12;23;28;0;19;15;20;16;16;16;182
53VIIZRA;Viizra Arabani;14;104;0;0;30;45;47;66;101;28;79;17;16;15;13;18;15;2
53WODE;Wode the Guileful;10;90;0;0;32;43;64;60;21;28;27;16;17;8;15;11;18;2
53ZEPH;Zeph'ulp-Maress;13;64;7;4;30;37;44;12;23;28;0;12;14;12;19;17;17;184
60ABPRIE;Yuan-ti Priest;19;60;0;0;30;37;46;12;23;28;0;19;13;17;18;18;16;168
60ASHRA;Ashra;12;80;8;1;30;27;65;15;29;29;27;18;18;12;15;12;11;168
60ATALA;Atalaclys the Lost ;16;80;0;1;33;62;47;9;96;28;6;10;20;10;30;20;9;167
60CCABAL;Coiled Cabal Disciple;19;43;0;0;0;0;58;0;0;0;0;16;14;15;18;18;14;168
60CEDRA;Cedra;14;48;0;0;30;37;25;12;23;28;0;15;15;16;16;12;16;168
60CHEAP;Strange Apparition;30;3200;0;0;30;63;63;12;23;28;0;12;16;11;9;9;9;152
60CONLAH;Conlan;10;25;0;0;28;42;43;13;21;0;110;13;7;12;9;9;12;1
60CONLAN;Conlan;10;25;0;0;28;42;43;13;21;0;110;13;7;12;9;9;12;1
60DRAY;Goblin;14;5;0;0;30;37;51;12;23;28;0;9;10;10;7;7;7;155
60GERBAH;Gerbash;10;69;0;0;30;64;65;11;23;30;3;18;11;16;12;13;11;4
60GERBAS;Gerbash;10;69;0;0;30;64;65;11;23;30;3;18;11;16;12;13;11;4
60GUARDI;Chahopek the Guardian;35;444;20;5;0;0;65;0;0;0;0;35;10;10;20;21;20;188
60HARPY;Harpy;11;52;2;2;30;37;53;12;23;28;0;10;15;10;7;10;15;174
60HEART;Heartstone Gem;14;55;4;1;30;37;50;12;23;28;0;16;14;16;10;16;9;168
60HEDEAD;Heartless Dead;16;60;0;0;0;0;55;0;0;0;0;17;7;16;3;3;3;167
60HIEPHE;Hiepherus;14;90;0;0;30;37;53;12;23;28;0;20;12;16;12;17;12;160
60HIEPHH;Hiepherus;14;90;0;0;30;37;53;12;23;28;0;20;12;16;12;17;12;160
60HISTAC;Histachii;16;52;6;3;0;0;50;0;0;0;0;16;15;16;5;6;4;1
60INHATR;Inhatri;19;52;0;0;30;37;83;12;23;28;0;15;13;16;20;20;16;168
60INHEIN;Inhein-Who-Was-Taken;14;80;5;1;33;62;47;9;96;28;6;10;20;10;30;20;9;167
60INITIA;Initiate;10;14;1;0;0;25;55;114;0;0;1;10;10;10;11;12;9;1
60ISAIR;Isair;11;75;10;0;0;0;46;0;0;0;0;17;21;17;21;12;20;164
60ISELOR;Iselore;10;85;0;0;30;38;41;12;22;32;3;15;12;15;13;18;17;3
60JAIGER;Jaiger of the Fanged Seasons;20;100;20;3;19;47;47;29;19;33;29;18;20;14;10;10;10;167
60JERMSH;Jermsy;10;55;0;0;30;42;41;12;42;24;0;17;17;14;14;14;11;1
60JERMSY;Jermsy;10;55;0;0;30;42;41;12;42;24;0;17;17;14;14;14;11;1
60JESZRA;Jeszrael;19;100;0;0;0;0;112;0;0;0;0;18;14;16;18;18;16;168
60KAERVA;Kaervas Death's Head;20;100;20;3;30;66;66;14;21;28;0;30;18;20;9;9;9;167
60KAIRN;Veddion Kairne;20;100;20;3;30;66;66;14;21;28;0;30;18;20;19;19;20;167
60KATCHM;Katchmat;10;60;0;0;28;23;42;9;21;21;0;18;14;14;15;12;13;1
60KHAV;Khavros the Black;24;90;10;4;30;37;50;12;23;28;0;20;15;10;11;13;16;108
60KHAVH;Hand of Khavros;22;80;9;3;30;37;50;12;23;28;0;20;15;10;11;13;16;108
60KHREE;Broken Khree;20;100;14;1;102;47;19;30;35;102;102;18;20;18;12;10;10;167
60MADAE;Madae;11;150;19;1;0;0;47;0;0;0;0;22;16;22;15;18;15;164
60MEZWAR;Mezro Warrior;10;40;0;0;28;23;42;9;21;21;0;17;12;12;12;10;10;1
60MOTHER;Mother Egenia's Spirit;30;3200;0;0;30;63;63;12;23;28;0;12;16;11;9;9;9;1
60NATE;Nathaniel;10;56;0;0;110;91;69;12;29;30;1;12;12;12;12;18;11;1
60NATEH;Nathaniel;10;56;0;0;110;91;69;12;29;30;1;12;12;12;12;18;11;1
60NEOORB;Neo-Orog Scout;16;64;7;0;30;37;58;12;23;28;0;16;18;15;11;8;8;160
60NEOORG;Neo-Orog General;17;100;12;0;0;0;65;0;0;0;0;20;11;16;13;11;14;160
60NEOORN;Neo-Orog Marauder;16;78;7;0;30;37;47;12;23;28;0;18;9;15;11;8;8;160
60NEOORO;Neo-Orog Marauder;16;78;7;0;30;37;47;12;23;28;0;18;9;15;11;8;8;160
60NEOORP;Neo-Orog Priest of Bane;16;69;0;0;30;37;47;12;23;28;0;18;9;15;11;16;10;160
60OJAIHA;Ojaiha;19;100;0;0;30;37;48;12;23;28;0;17;15;16;20;20;16;168
60PBFIGT;Pureblood Fighter;11;70;0;0;30;69;66;20;23;32;27;18;18;17;14;11;9;168
60PBSORC;Pureblood Sorcerer;11;35;0;0;30;69;66;20;23;32;27;9;18;11;18;18;14;168
60PITTRA;Acid Pit Trap;16;60;7;0;0;0;55;0;0;0;0;17;7;16;3;10;3;255
60PITTRF;Fire Pit Trap;16;60;7;0;0;0;55;0;0;0;0;17;7;16;3;10;3;255
60PITTRP;Heartless Dead;16;60;7;1;0;0;55;0;0;0;0;17;7;16;3;10;3;167
60RANYT;Yuan-ti Abomination;19;60;0;0;30;37;52;12;23;28;0;19;13;17;18;18;16;168
60RANYTA;Yuan-ti Archer;19;93;0;0;30;37;53;12;23;28;0;19;13;17;18;18;16;168
60SASHKA;Sashkta;19;60;0;0;30;37;49;12;23;28;0;19;13;17;18;18;16;168
60SHEEMH;Sheemish;10;10;0;0;30;55;39;12;21;21;0;16;10;14;13;11;11;1
60SHEEMI;Sheemish;10;10;0;0;30;55;39;12;21;21;0;16;10;14;13;11;11;1
60URBANE;Urbane;10;30;2;1;30;39;56;12;23;28;5;16;9;15;14;13;13;1
60VIFANG;Viper's Fangs Assassin;15;50;0;0;32;0;21;10;0;32;0;16;17;11;15;15;11;168
60VIPRGO;Viper;11;50;0;0;30;37;70;12;23;28;0;16;18;16;6;6;7;255
60WEEDIA;Weedian;18;96;12;2;30;37;57;14;23;28;0;20;18;16;6;6;9;152
60WIGARC;Black Archer;14;46;6;2;30;38;67;5;23;28;0;12;12;10;11;13;13;167
60WIGHT;Wight;14;50;0;0;30;37;53;12;23;28;0;12;12;10;11;13;15;108
60WIGHTH;Wight;14;50;0;0;30;37;53;12;23;28;0;12;12;10;11;13;15;108
60WIGHTL;Wight Lord;17;70;7;3;30;37;50;12;23;28;0;19;15;10;11;13;16;108
60WRAITH;Wraith;12;68;5;1;30;37;65;12;23;28;0;10;16;10;14;14;15;167
60WRAITN;Wraith;12;68;0;0;30;37;65;12;23;28;0;10;16;10;14;14;15;167
60YTARCH;Yuan-ti Archer;19;93;12;2;30;37;53;12;23;28;0;19;13;17;18;18;16;168
60YTCOOK;Yuan-ti Cook;19;60;7;2;30;37;52;12;23;28;0;17;13;10;17;13;10;168
60YTELIT;Yuan-ti Elite;19;93;13;0;30;37;53;12;23;28;0;20;13;17;18;18;16;168
60YTHIPR;Yuan-ti Priest;19;64;0;0;30;37;49;12;23;28;0;17;15;17;18;18;16;168
60YTPRIE;Yuan-ti Half-Breed Priestess;14;41;0;0;30;37;50;12;23;28;0;15;13;13;18;18;16;168
60YTSORC;Yuan-ti Half-Breed Sorceress;11;40;0;0;30;37;51;12;23;28;0;15;13;13;18;18;16;168
60YUANTI;Yuan-ti Abomination;19;60;7;0;30;37;52;12;23;28;0;19;13;17;18;18;16;168
61ALCHEM;D'hey-jazerrion;16;48;7;2;110;71;46;7;83;72;19;10;10;10;18;10;16;168
61AMPHIT;Amphitheatre;0;100;0;0;30;37;57;12;23;28;0;10;10;10;10;10;10;255
61ARCHON;Archon;20;210;20;5;0;0;55;0;0;0;0;18;18;18;18;18;18;167
61AWYVER;Ancient Wyvern;25;188;17;3;30;37;57;12;23;28;0;21;14;17;8;14;11;118
61BRIDGE;Bridge;0;100;0;0;30;37;57;12;23;28;0;10;10;10;10;10;10;255
61CITADE;King Lothar's Citadel;0;100;0;0;30;37;57;12;23;28;0;10;10;10;10;10;10;255
61DAWYVE;Ancient Wyvern;25;188;17;3;30;37;57;12;23;28;0;21;14;17;8;14;11;118
61DEFREE;Efreeti;18;65;15;2;30;37;57;14;23;28;0;23;17;14;12;15;15;175
61DFIRPE;Flamewalker;16;40;8;1;0;0;55;0;0;0;0;12;17;14;4;11;11;152
61DHELHO;Hell Hound;16;48;7;2;0;0;55;0;0;0;0;13;13;13;6;10;6;105
61DLIZLE;Elite Lizardman Warrior;18;90;11;3;30;37;57;12;23;28;0;14;11;14;10;11;11;157
61DLOTHA;King Lothar;21;120;20;3;0;0;33;0;0;0;0;31;9;21;10;10;11;153
61DMEPLA;Lava Mephit;16;24;4;2;0;0;55;0;0;0;0;10;13;10;12;11;15;152
61DTROLL;Troll;18;48;11;3;30;37;74;12;23;28;0;23;14;23;6;9;6;165
61DYAARC;Yuan-ti Archer;21;72;13;2;66;31;57;67;23;66;74;19;13;17;18;18;16;168
61DYAPRI;Yuan-ti Priest;21;72;13;2;0;0;82;0;0;0;0;19;13;17;18;18;16;168
61DYASEN;Yuan-Ti Champion;21;82;13;2;66;31;57;67;23;66;74;20;13;18;18;18;16;168
61DYHPRI;Yuan-ti Half-Breed Priestess;18;72;10;2;0;0;67;0;0;0;0;16;14;14;18;18;16;168
61DYHSOR;Yuan-ti Half-Breed Sorceress;18;62;10;2;0;0;71;0;0;0;0;14;16;14;18;18;16;168
61DYPBLA;Yuan-ti Pureblood Thief;17;58;8;2;39;65;65;67;0;41;74;11;14;12;18;18;16;168
61DYPFIG;Yuan-ti Pureblood Warrior;17;63;8;3;73;66;66;67;101;73;74;14;13;12;18;18;16;168
61EFREET;Efreeti;18;65;15;2;30;37;57;14;23;28;0;23;17;14;12;15;15;175
61EMBASS;Ambassador Jasper's Embassy;0;100;0;0;30;37;57;12;23;28;0;10;10;10;10;10;10;255
61FEYR;Feyr;18;52;7;2;30;37;88;15;23;28;0;14;12;10;5;10;3;255
61FIRPEO;Flamewalker;16;40;8;1;0;0;55;0;0;0;0;12;17;14;4;11;11;152
61GOLIRO;Iron Golem;30;99;23;2;0;0;55;0;0;0;0;33;9;10;3;11;3;156
61GRISHU;High Commander Grishum;18;100;14;3;66;31;57;67;23;66;74;16;16;16;18;18;16;168
61HELHOU;Hell Hound;16;48;7;2;0;0;55;0;0;0;0;13;13;13;6;10;6;105
61HISTAC;Histachii;17;62;7;3;0;0;55;0;0;0;0;17;15;16;5;6;4;168
61HISTAR;Histachii;17;62;7;3;0;0;55;0;0;0;0;17;15;16;5;6;4;168
61IZBEL2;High Sorceress Izbelah;18;120;13;2;0;0;55;0;0;0;0;15;16;14;18;18;19;168
61IZBELA;High Sorceress Izbelah;18;120;13;2;0;0;55;0;0;0;0;15;16;14;18;18;19;168
61JAGUAR;Ferocious Jaguar;17;64;8;4;30;37;57;12;23;28;0;16;20;15;3;12;6;255
61JASPER;Ambassador Jasper;18;70;10;3;30;37;68;12;23;28;0;14;13;12;14;15;13;161
61LIZLEA;Elite Lizardman Warrior;18;90;11;3;30;37;57;12;23;28;0;14;11;14;10;11;11;157
61LIZLER;Elite Lizardman;18;90;11;3;30;37;57;12;23;28;0;14;11;14;10;11;11;157
61LIZSHA;Lizard Man Shaman;16;62;8;3;0;0;55;0;0;0;0;13;10;13;9;18;10;157
61LIZSHR;Lizard Man Shaman;16;62;8;3;0;0;55;0;0;0;0;13;10;13;9;18;10;157
61LIZWAR;Lizard Man Warrior;15;52;8;3;30;37;57;12;23;28;0;13;10;13;9;10;10;157
61LIZWRR;Lizard Man;15;52;8;3;30;37;57;12;23;28;0;13;10;13;9;10;10;157
61LOTHAR;King Lothar;21;120;20;3;0;0;33;0;0;0;0;31;9;21;10;10;11;153
61MANDAL;Mandal Graye;15;140;10;5;105;29;58;12;91;21;47;10;20;10;10;10;10;1
61MEPLAV;Lava Mephit;16;24;4;2;0;0;55;0;0;0;0;10;13;10;12;11;15;152
61MUSJEL;Mustard Jelly;4;70;6;1;0;0;49;0;0;0;0;15;3;15;3;3;3;119
61NHEERO;Nheero Fhutma;10;50;0;0;98;97;97;114;0;98;0;10;10;10;25;25;10;1
61PALACE;Lord Pyros' Palace;0;100;0;0;30;37;57;12;23;28;0;10;10;10;10;10;10;255
61PRISF1;Prisoner;10;7;0;0;28;45;45;13;21;28;0;9;9;9;9;9;9;1
61PRISF2;Prisoner;10;27;0;0;29;50;105;11;91;29;2;14;14;14;13;14;12;1
61PRISF3;Prisoner;10;7;0;0;35;54;49;108;69;35;2;9;9;9;9;9;9;1
61PRISI1;Prisoner;10;80;0;0;31;66;66;12;47;31;3;10;14;18;18;14;20;1
61PRISI2;Prisoner;10;104;0;0;28;66;110;90;22;100;0;10;10;10;14;18;10;1
61PRISI3;Prisoner;16;70;0;0;103;57;47;89;41;103;110;9;18;9;15;18;9;1
61PRISTR;Prisoner;18;48;9;3;30;37;74;12;23;28;0;23;14;23;6;9;6;165
61PRISU1;Master of Locks;10;1;0;0;102;95;22;88;65;102;0;10;30;10;10;10;10;1
61PRISU2;Prisoner;10;7;0;0;96;55;91;84;21;96;2;25;9;9;5;9;9;1
61PRISU3;Prisoner;10;7;0;0;24;94;94;85;94;24;0;20;14;14;5;14;9;1
61PYROS;Lord Pyros;25;204;25;4;0;0;80;0;0;0;0;22;29;10;10;11;11;152
61PYROSD;Lord Pyros;18;126;15;2;0;0;55;0;0;0;0;20;9;9;18;9;15;152
61RAKSHA;Nathaniel;25;130;9;3;110;91;69;12;29;30;1;12;14;16;13;15;17;178
61REFREE;Efreeti;18;65;15;2;30;37;57;14;23;28;0;23;17;14;12;15;15;175
61RJAGUA;Ferocious Jaguar;17;64;8;4;30;37;57;12;23;28;0;16;20;15;3;12;6;255
61RYHPRI;Yuan-ti Half-Breed Priestess;18;72;10;2;0;0;67;0;0;0;0;16;14;14;18;18;16;168
61RYHSOR;Yuan-ti Half-Breed Sorceress;18;62;10;2;0;0;71;0;0;0;0;14;16;14;18;18;16;168
61SALFRO;Frost Salamander;18;56;9;3;30;37;68;12;23;28;0;14;13;12;14;15;13;161
61SKEARM;Armored Skeleton;16;68;8;2;30;37;57;14;23;28;0;18;12;10;3;10;11;115
61SLIOLI;Olive Slime;11;40;60;1;0;0;55;0;0;0;0;10;10;10;3;3;3;119
61SNAGIA;Monstrous Snake;15;52;8;2;30;37;57;12;23;28;0;16;20;13;3;12;3;255
61SPIGIA;Giant Spider;16;64;8;2;30;37;57;12;23;28;0;16;20;12;3;10;3;116
61SPISWD;Sword Spider;18;70;12;4;30;37;69;12;23;28;0;18;20;12;3;10;3;116
61STOSLB;Stone Block;20;100;0;0;0;0;55;0;0;0;0;10;10;10;10;10;10;255
61THORAS;Thorasskus;19;96;14;3;5;46;60;70;0;5;3;20;14;18;18;18;16;168
61THRONE;King Lothar's Throne;0;100;0;0;30;37;57;12;23;28;0;10;10;10;10;10;10;255
61TROLL;Troll;18;48;11;3;30;37;74;12;23;28;0;23;14;23;6;9;6;165
61VENOMI;Inquisitor Venomin;16;48;7;2;68;46;58;67;93;68;74;11;13;11;18;18;16;168
61WEBGEN;;0;100;0;0;0;0;55;0;0;0;0;10;10;10;10;10;10;255
61WYVERN;Wyvern;17;59;9;4;30;37;57;12;23;28;0;19;12;15;6;12;9;118
61WYVERR;Wyvern;17;59;9;4;30;37;57;12;23;28;0;19;12;15;6;12;9;118
61XEFREE;Efreeti;18;65;15;2;30;37;57;14;23;28;0;23;17;14;12;15;15;175
61XFIRPE;Flamewalker;16;40;8;1;0;0;55;0;0;0;0;12;17;14;4;11;11;152
61XHELHO;Hell Hound;16;48;7;2;0;0;55;0;0;0;0;13;13;13;6;10;6;105
61XMEPLA;Lava Mephit;16;24;4;2;0;0;55;0;0;0;0;10;13;10;12;11;15;152
61XTROLL;Troll;18;48;11;3;30;37;74;12;23;28;0;23;14;23;6;9;6;165
61YAARCH;Yuan-ti Archer;21;72;13;2;66;31;57;67;23;66;74;19;13;17;18;18;16;168
61YAPRIE;Yuan-ti Priest;21;72;13;2;0;0;82;0;0;0;0;19;13;17;18;18;16;168
61YASENT;Yuan-Ti Champion;21;82;13;2;66;31;57;67;23;66;74;20;13;18;18;18;16;168
61YASUMM;Yuan-ti Priest;21;72;13;2;0;0;82;0;0;0;0;19;13;17;18;18;16;168
61YHPRIE;Yuan-ti Half-Breed Priestess;18;72;10;2;0;0;67;0;0;0;0;16;14;14;18;18;16;168
61YHSORC;Yuan-ti Half-Breed Sorceress;18;62;10;2;0;0;71;0;0;0;0;14;16;14;18;18;16;168
61YPBLAD;Yuan-ti Pureblood Thief;17;58;8;2;39;65;65;67;0;41;74;11;14;12;18;18;16;168
61YPBLAR;Yuan-ti Pureblood Thief;17;58;8;2;39;65;65;67;0;41;74;11;14;12;18;18;16;168
61YPFIGH;Yuan-ti Pureblood Warrior;17;63;8;3;73;66;66;67;101;73;74;14;13;12;18;18;16;168
61YPFIGR;Yuan-ti Pureblood Warrior;17;63;8;3;73;66;66;67;101;73;74;14;13;12;18;18;16;168
61ZILTYO;Zil-t'yor;22;130;14;2;0;0;55;0;0;0;0;18;8;16;17;15;15;177
62BWHT;Barrow Wight;14;120;8;2;30;37;68;12;23;28;0;16;12;18;11;13;15;167
62CBNS;Cold Bones;16;82;8;2;30;37;57;17;23;28;0;14;17;15;9;9;9;167
62CBNS2;Cold Bones;16;82;9;2;30;37;57;17;23;28;0;14;17;15;9;9;9;167
62CBNS3;Cold Bones;15;82;9;2;30;37;57;17;23;28;0;14;17;15;9;9;9;167
62CBNS4;Cold Bones;18;82;9;2;30;37;57;17;23;28;0;14;17;15;9;9;9;167
62CBNS5;Cold Bones;14;82;9;2;30;37;57;17;23;28;0;14;17;15;9;9;9;167
62CBNS6;Cold Bones;16;82;9;2;30;37;57;17;23;28;0;14;17;15;9;9;9;167
62CBNS7;Cold Bones;15;82;9;2;30;37;57;17;23;28;0;14;17;15;9;9;9;167
62DRDAR;Elven Dread Archer;16;96;9;2;0;66;29;18;82;66;17;14;22;16;8;8;3;2
62DRDEL;Elven Dread Warrior;18;96;10;2;0;66;29;18;66;66;17;14;22;16;8;8;3;2
62DRDEL2;Elven Dread Warrior;18;96;15;3;0;66;29;18;66;66;17;16;20;16;8;8;3;2
62DRDEL3;Elven Dread Warrior;18;86;15;3;0;66;29;18;66;66;17;16;20;16;8;8;3;2
62DRDEL4;Elven Dread Warrior;18;76;15;3;0;66;29;18;66;66;17;16;20;16;8;8;3;2
62DRDEL5;Elven Dread Warrior;18;96;15;3;0;66;29;18;66;66;17;16;20;16;8;8;3;2
62DRDEL6;Elven Dread Warrior;18;96;15;3;0;66;29;18;66;66;17;16;20;16;8;8;3;2
62DRDEL7;Elven Dread Warrior;18;96;15;3;0;66;29;18;66;66;17;16;20;16;8;8;3;2
62DRDEL8;Elven Dread Warrior;18;96;15;3;0;66;29;18;66;66;17;16;20;16;8;8;3;2
62DRDEL9;Elven Dread Warrior;20;96;15;3;0;66;29;18;66;66;17;16;20;16;8;8;3;2
62DRDOR2;Orc Dread Warrior;18;66;11;2;30;37;71;17;21;29;5;18;15;16;6;6;3;160
62DRDOR3;Orc Dread Warrior;18;66;11;2;30;37;71;17;21;29;5;18;15;16;6;6;3;160
62DRDOR4;Orc Dread Warrior;18;66;11;2;30;37;71;17;21;29;5;18;15;16;6;6;3;167
62DRDOR5;Orc Dread Warrior;18;66;11;2;30;37;71;17;21;29;5;18;15;16;6;6;3;160
62DRDOR6;Orc Dread Warrior;18;66;11;2;30;37;71;17;21;29;5;18;15;16;6;6;3;160
62DRDOR7;Orc Dread Warrior;18;86;11;2;30;37;71;17;21;29;5;18;15;18;6;6;3;160
62DRDOR8;Orc Dread Warrior;18;96;11;2;30;37;71;17;21;29;5;18;15;20;6;6;3;160
62DRDOR9;Orc Dread Warrior;18;66;11;2;30;37;71;17;21;29;5;18;15;16;6;6;3;160
62DRDORE;Orc Dread Warrior;16;46;9;2;30;37;71;17;21;29;5;18;15;16;6;6;3;160
62DREDEL;Elven Dread Warrior;16;96;12;2;0;66;66;18;21;66;17;16;19;16;8;8;3;2
62DREDOR;Orc Dread Warrior;17;66;12;2;30;37;71;17;21;29;5;18;15;16;6;6;3;160
62DRGARD;Orc Dread Warrior;18;66;11;1;30;37;71;17;21;29;5;18;15;16;6;6;3;160
62ELFIG;Elven Fighter;14;80;14;3;30;60;56;12;23;28;0;16;20;14;12;16;15;2
62ELFIG2;Elven Fighter;16;80;14;3;30;60;56;12;23;28;3;16;19;14;12;16;15;2
62ELFIG3;Festering Drowned Dead;20;111;12;2;30;37;69;12;23;28;0;23;18;18;9;9;9;167
62EORO;Elite Neo Orog;16;84;12;2;33;66;68;19;23;33;0;18;14;16;12;12;9;160
62EORO2;Elite Neo Orog;18;84;12;2;33;66;68;19;23;33;0;18;14;16;12;12;9;160
62EORO3;Elite Neo Orog;15;74;12;2;33;66;69;19;23;33;0;18;14;16;12;12;9;160
62FDND;Festering Drowned Dead;22;136;10;2;30;37;52;12;23;28;0;30;14;18;9;9;9;167
62FDND2;Festering Drowned Dead;22;136;12;2;30;37;56;12;23;28;0;24;14;18;9;9;9;167
62FDND3;Festering Drowned Dead;22;136;12;2;30;37;57;12;23;28;0;24;18;18;9;9;9;167
62FDND4;Festering Drowned Dead;22;136;12;2;30;37;57;12;23;28;0;24;14;18;9;9;9;167
62FEYR;Feyr;18;48;6;2;30;37;59;15;23;28;0;14;16;12;12;10;3;255
62FEYR2;Feyr;18;48;6;2;30;37;59;15;23;28;0;14;16;12;12;10;3;255
62FEYR3;Feyr;18;48;6;2;30;37;59;15;23;28;0;14;16;12;12;10;3;255
62GFYR;Greater Feyr;20;145;14;3;30;37;70;15;23;28;0;18;19;15;14;18;3;255
62GFYR2;Greater Feyr;20;145;15;3;30;37;70;15;23;28;0;18;19;15;14;18;3;255
62GFYR3;Greater Feyr;20;145;15;3;30;37;70;15;23;28;0;18;19;15;14;18;3;255
62GORG;Gorg;20;126;16;3;30;37;73;17;21;29;5;20;15;18;6;10;3;160
62HADR;Half-Dragon;16;144;12;2;100;66;70;52;23;94;0;18;14;18;8;10;14;187
62HADR2;Half-Dragon;18;144;16;2;100;66;70;52;23;94;0;18;14;18;8;10;9;187
62HADRR;Half-Dragon;16;165;11;2;100;66;67;52;23;94;0;20;16;18;8;14;12;187
62HAGOB;Elite Half Goblin;12;90;10;2;29;47;66;20;0;21;7;16;16;18;12;12;10;155
62HAGOB1;Elite Half Goblin;12;100;12;2;29;47;66;20;0;21;15;16;16;18;12;12;10;155
62HAGOB2;Half-Goblin;12;80;9;2;29;47;66;20;0;21;19;15;16;18;12;12;10;155
62HAGOB3;Half-Goblin;11;90;10;2;29;47;66;20;0;21;18;15;16;18;12;12;10;155
62HALFOR;Half-Orc;14;80;11;2;100;66;66;7;23;94;0;18;14;16;8;10;9;160
62HAYUA;Yuan-Ti Halfbreed;16;80;14;3;30;37;67;15;23;28;0;14;16;16;10;12;9;168
62HAYUA1;Yuan-Ti Halfbreed;16;80;14;3;30;37;67;15;23;28;0;15;16;16;10;12;9;168
62HAYUA2;Yuan-Ti Halfbreed;16;80;14;3;30;37;67;15;23;28;0;15;16;16;10;12;9;168
62HAYUA3;Yuan-Ti Halfbreed;16;80;14;3;30;37;67;15;23;28;0;15;16;16;10;12;9;168
62HAYUA4;Yuan-Ti Halfbreed;16;80;14;3;30;37;67;15;23;28;0;15;16;16;10;12;9;168
62HAYUA5;Yuan-Ti Halfbreed;16;80;14;3;30;37;67;15;23;28;0;15;16;16;10;12;9;168
62HORC;Half-Orc;12;80;11;2;100;66;66;7;23;94;0;20;14;16;8;10;9;160
62HORC2;Half-Orc;12;72;9;2;100;66;66;7;23;94;0;20;14;16;8;10;9;160
62HORC3;Half-Orc;12;80;11;2;100;66;66;7;23;94;0;20;14;16;8;10;9;160
62HORC4;Half-Orc;10;78;11;2;100;66;66;7;23;94;0;20;14;16;8;10;9;160
62ICEZOM;Ice Zombie;15;72;12;2;30;37;57;14;23;28;0;15;16;15;5;9;9;167
62KRATU;Kratuuk;18;180;10;2;30;47;73;18;0;29;5;18;14;15;10;18;8;160
62MDARF;M'darfein;22;160;15;2;30;47;45;18;0;29;112;16;20;12;26;15;8;2
62NEOORC;Neo-Orog Priest;12;124;0;0;31;56;58;11;23;29;5;16;15;16;10;18;9;160
62NEOORG;Neo-Orog General;16;112;14;3;31;56;79;11;23;29;5;18;15;16;10;18;9;160
62NEOORN;Neo-Orog Priest;12;124;0;0;31;56;58;11;23;29;5;16;15;16;10;18;9;160
62OROC;Neo-Orog Priest;20;144;15;2;31;56;58;11;23;29;5;16;15;16;10;18;9;160
62OROGC;Neo-Orog Priest;20;144;12;2;31;56;58;11;23;29;5;16;15;16;10;18;9;160
62OROGC2;Neo-Orog Priest;20;144;12;2;31;56;58;11;23;29;5;16;15;16;10;18;9;160
62OROGR;Red Neo Orog;15;52;6;1;33;66;25;19;23;33;0;17;14;16;12;12;9;160
62OROGR2;Red Neo Orog;16;65;9;1;33;66;25;19;23;33;0;17;14;16;12;12;9;160
62OROGR3;Red Neo Orog;16;65;9;1;33;66;25;19;23;33;0;17;14;16;12;12;9;160
62OROGR4;Red Neo Orog;16;65;9;1;33;66;25;19;23;33;0;17;14;16;12;12;9;160
62OROGR5;Red Neo Orog;16;65;9;1;33;66;25;19;23;33;0;17;14;16;12;12;9;160
62OROGR6;Red Neo Orog;16;65;9;1;33;66;25;19;23;33;0;17;14;16;12;12;9;160
62OROGR7;Red Neo Orog;16;65;9;1;33;66;25;19;23;33;0;17;14;16;12;12;9;160
62OROGR8;Red Neo Orog;16;65;9;1;33;66;25;19;23;33;0;17;14;16;12;12;9;160
62OROGR9;Red Neo Orog;16;65;9;1;33;66;25;19;23;33;0;17;14;16;12;12;9;160
62PUUK;Blahg'mah;20;146;16;3;30;37;69;17;21;29;5;22;16;18;10;10;3;160
62REDWI;Red Wizard ;14;64;8;1;33;62;46;8;104;28;6;9;16;10;18;15;9;1
62REDWI2;Red Wizard ;15;64;8;1;33;62;46;22;104;28;2;9;16;10;18;15;9;1
62REDWI3;Red Wizard ;15;64;8;1;33;62;46;8;104;28;0;9;16;10;18;15;9;1
62REDWI4;Red Wizard ;12;64;8;1;33;62;46;22;104;28;0;9;16;10;18;15;9;1
62REDWIN;Red Wizard ;15;64;8;1;33;62;46;8;104;28;0;9;16;10;18;15;9;1
62SAABL1;Saablic Tan;16;120;5;0;33;62;47;9;96;28;6;9;15;10;18;16;9;1
62SAABL2;Saablic Tan;24;200;15;2;33;62;47;9;96;28;6;10;15;10;24;16;9;1
62SARALD;Saralon_Dead;8;1;3;0;30;60;56;12;23;28;3;12;14;14;12;16;15;2
62SARALO;Saralon D'frayn;8;60;3;0;30;60;56;12;23;28;3;12;14;14;12;16;15;2
62SKXVM;Slayer Knight of Xvim;15;126;15;2;47;66;47;112;29;47;19;20;16;18;10;18;18;164
62SKXVM2;Slayer Knight of Xvim;15;126;15;2;47;66;47;112;29;47;19;20;16;18;10;18;18;164
62SPBLD;Fallen Bladesinger;16;86;15;3;0;66;104;29;66;66;0;16;22;16;8;8;3;167
62TSOL;Tsol Silverblade;16;90;15;3;30;60;56;12;23;28;3;16;20;16;12;16;15;2
62TSOLD;Tsol Silverblade;16;90;10;0;30;60;56;12;23;28;3;16;19;16;12;16;15;2
62WANMOK;Wanmok;21;150;14;3;33;66;88;11;23;33;6;24;16;18;12;15;9;160
62WTRFAL;Partially Frozen Waterfall;50;1000;20;1;0;0;55;0;0;0;0;3;3;3;3;3;3;255
633HORC2;Half-Orc;12;72;12;2;100;66;66;7;23;94;0;20;14;16;8;10;9;160
633SSXVM;Slayer Knight of Xvim;15;126;15;2;47;66;47;112;29;47;19;20;16;18;10;18;18;164
63ABASH;Red Abishai;18;96;0;0;30;37;57;12;23;28;0;17;17;17;12;14;16;164
63ABGD;Apocalyptic Boneguard;21;136;15;5;30;37;68;12;23;28;0;28;18;18;9;9;9;167
63ABGDEN;Apocalyptic Boneguard;21;136;15;3;30;37;68;12;23;28;0;28;18;18;9;9;9;167
63ABGDN;Apocalyptic Boneguard;21;136;15;5;30;37;47;12;23;28;0;28;18;18;9;9;9;167
63BHDR;Half-Dragon;18;144;0;0;100;66;80;52;23;94;0;18;14;18;8;10;9;187
63BUVAI;Buvai de'Naly;14;108;0;0;33;62;47;21;58;28;5;9;16;10;22;16;14;183
63CEDDED;Cedrin Zil;20;57;9;2;27;66;46;8;92;100;8;10;12;10;18;12;16;1
63CEDRIN;Cedrin Zil;20;57;9;2;27;66;46;8;92;100;8;10;12;10;18;12;16;1
63CHIM;Chimera;15;110;0;0;30;37;67;12;23;28;0;19;13;17;4;13;10;186
63CHIMH;Chimera;16;110;10;4;30;37;67;12;23;28;0;19;13;17;4;13;10;186
63COOK;Kitchen Servant;10;6;1;1;27;50;52;9;22;30;0;9;9;9;9;9;9;1
63COOK2;Miram;10;6;1;1;27;50;52;9;22;30;0;9;9;9;9;9;9;1
63DMNCON;Demonic Construct;23;252;9;4;30;37;73;12;23;28;0;25;10;19;16;16;16;164
63DMNGEM;Globe of Essence;10;200;0;0;0;0;55;0;0;0;0;9;9;18;9;9;9;164
63DRACE;Dracein;20;118;17;0;0;0;67;0;0;0;0;19;14;19;12;16;10;187
63DRDEL;Elven Dread Warrior;20;96;12;3;0;66;29;18;66;66;17;16;20;16;8;8;3;167
63DROTH;Hatemaster Drothan;25;192;11;0;0;0;55;0;0;0;0;24;17;16;12;19;6;160
63EELE;Earth Elemental;18;152;19;3;30;37;57;14;23;28;0;29;8;21;6;11;11;152
63EELE2;Earth Elemental;20;199;23;3;30;37;57;14;23;28;0;31;8;21;6;11;11;152
63EELE3;Earth Elemental;22;228;27;3;30;37;57;14;23;28;0;33;8;21;6;11;11;152
63ERADRU;Ruinlord Eradru;14;130;13;3;0;0;55;0;0;0;0;22;17;16;12;19;6;160
63FBUVAI;Buvai de'Naly;14;108;10;2;33;62;47;21;58;28;5;9;16;10;22;15;9;183
63FCRYMK;Crystalline Monk;20;176;12;3;102;47;66;110;110;102;102;20;14;18;10;16;9;156
63FOOD;Food barrel;10;6;0;1;27;50;52;9;22;30;0;3;3;3;3;3;3;190
63FORMIS;Ormis Dohor;20;198;16;5;102;47;96;30;47;102;102;14;24;14;12;18;12;183
63FSHDMK;Shadow Monk;16;144;14;3;66;47;65;75;66;66;66;14;18;14;10;16;12;183
63FSNDMK;Sand Monk;14;144;12;3;99;99;99;99;99;99;99;16;18;14;10;18;10;156
63FW1;Worker;10;8;0;1;24;14;39;12;22;93;1;9;9;9;9;9;9;1
63FW2;Worker;10;8;0;1;24;14;50;12;22;93;5;9;9;9;9;9;9;1
63FW3;Worker;10;8;0;1;100;14;72;12;22;93;0;9;9;9;9;9;9;1
63FW4;Worker;10;8;0;1;100;52;56;12;22;93;2;9;9;9;9;9;9;1
63FYNNE;Fynne;20;53;8;2;100;15;46;9;92;98;9;10;10;8;17;12;12;1
63GADU;Ruinlord Gadu Crum;12;162;13;3;0;0;55;0;0;0;0;26;16;16;12;20;6;160
63GLABS1;Glabrezu Guard;27;85;9;4;30;37;73;12;23;28;0;25;10;19;16;16;16;164
63GLABS2;Glabrezu Guard;27;85;9;4;30;37;73;12;23;28;0;25;10;19;16;16;16;164
63GLABS3;Glabrezu Guard;27;85;9;4;30;37;73;12;23;28;0;25;10;19;16;16;16;164
63GLABSL;Glabrezu Guard;27;85;9;4;30;37;73;12;23;28;0;25;10;19;16;16;16;164
63GLABSR;Glabrezu Guard;27;85;9;4;30;37;73;12;23;28;0;25;10;19;16;16;16;164
63GLBNXP;Glabrezu Guard;27;85;9;4;30;37;73;12;23;28;0;25;10;19;16;16;16;164
63GLBXP;Glabrezu Guard;27;85;9;4;30;37;73;12;23;28;0;25;10;19;16;16;16;164
63GRDAR;Guard;20;110;15;3;30;37;67;14;21;28;0;14;18;16;11;13;10;3
63GRDCOM;Guard Commander;25;110;18;3;30;37;67;19;33;28;2;14;20;16;14;12;12;1
63GRDF;Guard;22;110;15;3;30;37;67;19;21;28;3;14;20;16;13;11;12;1
63GRDFEA;Guard;17;110;12;0;30;37;67;19;21;28;3;14;20;16;13;11;12;1
63GRDFN;Guard;22;110;14;0;30;37;67;19;21;28;3;14;20;16;13;11;12;1
63GRDFNA;Guard;17;110;12;0;30;37;67;19;21;28;3;14;20;16;13;11;12;1
63GRDFP;Guard;15;110;16;3;30;37;67;15;23;28;0;18;18;16;11;13;10;7
63GRDLW1;Guard;11;72;9;2;24;0;50;8;22;23;0;17;12;14;10;10;10;1
63GRDLW2;Guard;12;72;0;0;28;18;58;13;22;23;5;18;14;14;10;10;10;1
63GRDLW3;Guard;11;72;0;0;28;63;46;12;22;23;0;17;12;14;10;10;10;1
63GRDLW4;Guard;15;72;9;2;28;69;53;12;22;23;3;16;18;14;10;10;10;1
63GRDLW5;Guard;15;72;9;2;28;63;57;12;23;30;6;16;14;18;10;10;10;1
63GRDLW6;Guard;11;72;9;2;28;64;66;12;23;30;19;16;12;20;10;10;10;1
63GRDM;Guard;22;110;15;3;30;37;67;15;21;28;27;20;14;16;11;13;10;160
63GRDMD1;Guard;12;72;0;0;24;0;50;8;22;23;0;20;14;14;10;10;10;1
63GRDMD2;Guard;15;72;0;0;28;18;58;13;22;23;5;18;16;14;10;10;10;1
63GRDMD3;Guard;11;72;0;0;28;63;46;12;22;23;0;18;14;14;10;10;10;1
63GRDMD4;Guard;15;72;0;0;28;63;57;12;23;30;6;16;16;20;10;10;10;1
63GRDMD5;Guard;23;94;20;0;28;63;57;12;23;30;6;17;10;10;10;10;10;1
63GRDMD6;Guard;11;72;0;0;28;64;66;12;23;30;19;18;12;20;10;10;10;1
63GRDMEA;Guard;16;110;14;0;30;37;67;15;21;28;27;20;14;16;11;13;10;160
63GRDMN;Guard;22;110;14;0;30;37;67;15;21;28;27;20;14;16;11;13;10;160
63GRDMNA;Guard;16;110;14;0;30;37;67;15;21;28;27;20;14;16;11;13;10;160
63GRDMP;Guard;15;110;16;3;30;37;67;15;23;28;0;20;18;16;11;13;10;7
63INSTRC;Instructor;26;96;13;3;30;37;57;12;23;28;0;21;10;17;14;14;14;164
63INVSTK;Invisible Stalker;17;64;10;2;30;37;57;14;23;28;0;18;19;14;14;15;11;152
63ISAIR;Isair;30;360;0;0;0;0;46;0;0;0;0;18;22;16;22;24;24;164
63ISAIR2;Isair;30;360;0;0;0;0;46;0;0;0;0;18;22;16;22;24;24;164
63ISARN;Isair;26;280;18;3;0;0;46;0;0;0;0;18;22;16;22;24;24;164
63ISARN2;Isair;26;280;18;3;0;0;46;0;0;0;0;18;22;16;22;14;24;164
63JAE;Jaebrilla;10;8;0;1;29;31;57;12;23;22;4;9;9;9;9;9;9;1
63JERRE;Jerre Stoh;12;25;5;1;26;50;57;12;22;2;4;12;14;12;10;12;15;255
63KAV;Kav Lathram;16;34;7;2;100;15;55;9;92;98;0;10;10;10;17;12;12;1
63KEG;Empty Food Keg;0;8;0;1;30;37;40;12;23;28;0;9;9;9;9;9;9;190
63KNTXVM;Slayer Knight of Xvim;15;126;15;2;47;66;47;112;29;47;19;20;16;18;10;18;15;164
63MADAE;Madae;30;380;0;0;0;0;47;0;0;0;0;20;20;18;15;24;24;164
63MADAE2;Madae;30;380;0;0;0;0;47;0;0;0;0;20;20;18;15;24;24;164
63MADAN;Madae;28;280;20;3;0;0;47;0;0;0;0;20;20;18;15;24;24;164
63MADAN2;Madae;28;280;20;3;0;0;47;0;0;0;0;20;20;18;15;24;24;164
63MNKF;Monk;12;112;0;0;30;47;66;5;66;28;0;14;18;12;10;20;10;1
63MNKFH;Monk;12;112;0;0;30;47;66;5;66;28;0;14;18;12;10;20;10;1
63MNKM;Monk;12;112;0;0;30;47;66;14;66;28;0;14;18;12;10;20;10;1
63MNKMH;Monk;12;112;0;0;30;47;66;14;66;28;0;14;18;12;10;20;10;1
63MOURN;Mourn T'orgh;18;40;5;2;30;59;61;8;29;28;5;12;19;10;19;10;13;183
63MW1;Worker;10;8;0;1;24;14;39;12;22;93;1;9;9;9;9;9;9;1
63MW2;Worker;10;8;0;1;24;14;50;12;22;93;5;9;9;9;9;9;9;1
63MW3;Worker;10;8;0;1;100;14;72;12;22;93;0;9;9;9;9;9;9;1
63MW4;Worker;10;8;0;1;100;52;56;12;22;93;2;9;9;9;9;9;9;1
63NABI;Nabassu;22;110;7;3;30;37;25;12;23;28;0;18;18;18;14;12;9;255
63ORRICF;Orrick the Grey;30;95;15;3;30;37;63;12;23;28;5;15;15;12;22;15;12;1
63PFIN;Pfinik'millillin;22;82;0;0;30;37;57;12;23;28;0;21;12;17;14;14;14;164
63PFINH;Pfinik'millillin;22;110;0;0;30;37;57;12;23;28;0;24;12;17;14;14;14;164
63PFINN;Pfinik'millillin;22;96;0;0;30;37;57;12;23;28;0;22;12;17;14;14;14;164
63PHAEN;Phaen Xyltin;20;65;7;2;30;44;66;8;23;28;0;14;16;12;12;16;10;183
63PITFND;Gelugon;25;160;17;3;30;37;57;14;23;28;0;24;18;18;18;16;3;164
63PREC;Precious;16;110;10;4;30;37;67;12;23;28;0;19;13;17;4;13;10;186
63RIKI;Riki;23;82;11;3;29;63;66;0;23;29;5;13;19;10;19;13;17;183
63ROGA;Roga Thulc;10;8;0;1;98;25;57;12;93;100;0;14;10;16;10;12;10;4
63RUINL;Ruinlord;14;162;13;3;0;0;55;0;0;0;0;24;17;16;12;19;6;160
63SAABL;Saablic Tan;24;160;0;0;33;62;47;9;96;28;6;10;15;10;24;16;9;1
63SABASH;Red Abishai;18;36;6;4;30;37;57;12;23;28;0;17;17;17;12;14;16;164
63SBARGH;Barghest Whelp;18;200;0;0;30;37;104;12;23;28;0;24;15;16;18;18;18;164
63SERAK;Serak;20;60;10;2;30;37;57;12;23;28;0;18;15;18;12;13;12;1
63SLAVEA;Worker;0;8;0;0;100;57;57;12;94;92;0;3;3;3;3;3;3;1
63SLAVES;Worker;0;8;0;0;100;57;57;12;94;92;0;9;9;9;9;9;9;1
63SPLMR;Spectral Lemure;18;62;14;2;30;37;104;12;23;28;0;15;18;15;4;6;9;167
63SSKXVM;Slayer Knight of Xvim;15;126;15;2;47;66;47;112;29;47;19;20;16;18;10;18;15;164
63SSPLMR;Spectral Lemure Slave;18;62;0;0;30;37;104;12;23;28;0;15;18;15;4;6;9;164
63SWLMR;Wight Lemure Slave;15;62;0;0;30;37;57;12;23;28;0;15;18;15;4;6;9;164
63TASHA;Tasha;20;53;9;2;100;63;46;9;46;98;0;10;10;8;17;12;12;1
63THAYMF;Thayvian Mage;20;53;9;2;100;63;46;9;46;98;9;10;10;8;20;12;12;1
63THAYMM;Thayvian Mage;20;53;9;2;100;63;46;9;47;98;1;10;10;8;20;12;12;1
63TILZEN;Tilzen Ghaun;18;35;7;2;30;39;43;8;23;28;5;12;20;12;14;11;14;183
63TUTU;Tutup'limbobo;18;60;0;0;30;37;57;12;23;28;0;20;17;17;12;14;16;164
63TUTUH;Tutup'limbobo;18;88;0;0;30;37;57;12;23;28;0;20;18;17;12;14;16;164
63TUTUN;Tutup'limbobo;18;74;0;0;30;37;57;12;23;28;0;20;17;17;12;14;16;164
63VASHTI;Vashti Zerran;12;25;5;1;26;50;57;12;22;2;3;9;9;9;9;9;9;1
63VESE;Vese Nejj;23;92;9;2;30;0;46;9;22;30;9;13;14;12;19;15;18;1
63VYLU;Vylu Prehv;16;74;9;2;100;40;42;10;23;100;67;18;14;16;16;10;10;1
63WANMOK;Wanmok;23;196;0;0;33;66;88;11;23;33;6;24;16;18;12;15;9;160
63WLMR;Wight Lemure;17;62;14;2;30;37;57;12;23;28;0;15;18;15;4;6;9;167
63XAVIER;Xavier Torsend;16;49;8;1;30;38;92;12;22;23;3;12;10;10;16;14;14;1
63YSHA;Ysha;10;8;0;1;100;33;45;12;22;93;0;9;9;9;9;9;9;1
63YXBU;Yxbudur'zmutkimdu;23;114;17;3;30;37;67;14;23;28;0;24;12;21;22;22;22;164
63YXBUH;Yxbudur'zmutkimdu;23;204;0;0;30;37;67;14;23;28;0;26;14;22;22;22;22;164
63YXBUN;Yxbudur'zmutkimdu;23;184;19;3;30;37;67;14;23;28;0;24;12;22;22;22;22;164
63ZAEM;Zaem;24;131;17;4;0;0;55;0;0;0;0;19;12;12;12;12;12;255
63ZIGMAL;Zigma;22;104;0;0;30;57;68;8;92;27;5;16;14;18;10;18;12;1
63ZIGMAM;Zigma;22;104;0;0;30;57;68;8;92;27;5;16;14;18;10;20;12;1
63ZILVAR;Zilvar T'orgh;18;55;7;2;30;37;70;12;23;28;0;12;14;9;14;18;13;183
64DEDMGE;Dead Thayvian Mage;20;1;20;1;0;31;46;1;0;0;1;3;3;3;3;3;3;0
64GNLAPR;Apprentice;10;24;3;1;30;37;67;22;23;28;0;9;9;9;15;9;9;110
64GOBAPR;Apprentice;10;24;3;1;30;37;67;12;23;28;0;9;9;9;15;9;9;155
64IGOLEM;Iron Golem;30;80;17;3;30;37;57;12;23;28;0;30;9;20;3;11;3;156
64ORRICH;Orrick the Grey;30;95;15;3;30;37;63;12;23;28;5;15;15;12;22;15;12;1
64ORRICK;Orrick the Grey;30;95;15;3;30;37;63;12;23;28;5;15;15;12;22;15;12;1
64WEENA;Weenagoo;16;42;3;1;30;37;57;12;23;28;0;9;9;9;15;9;9;155
65BHDR;Half-Dragon;16;94;10;2;100;66;70;52;23;94;0;18;14;18;12;10;9;187
65BHDR2;Half-Dragon;20;94;7;2;100;66;80;52;23;94;0;18;14;18;8;10;9;187
65BRUTA1;Tyrannar Brutai Mar;14;192;14;2;19;47;47;29;19;33;29;18;16;16;10;18;15;183
65BRUTAI;Tyrannar Brutai Mar;16;192;0;0;19;47;47;29;19;33;29;18;16;16;10;18;15;183
65COREL;Corellon Statue;30;1100;20;1;0;0;31;0;0;0;0;3;3;30;3;3;3;255
65CORN;Cornugon;22;82;10;3;30;37;57;12;23;28;0;21;12;17;14;14;14;164
65DRDEL;Elven Dread Warrior;18;96;12;3;0;66;29;18;66;66;17;16;20;16;8;8;3;2
65DRDEL2;Elven Dread Warrior;18;96;12;3;0;66;29;18;66;66;17;16;20;16;8;8;3;2
65FLRART;the glowing eyes of Iyachtu Xvim;14;70;8;2;19;31;31;70;19;31;70;15;14;30;8;16;12;255
65GARUK;Ruinlord Garuk Katah;18;126;14;2;19;47;47;29;19;33;29;15;14;16;14;18;10;160
65GLAB;Glabrezu;23;85;8;4;30;37;57;12;23;28;0;25;10;19;16;16;16;164
65GNLLIB;Daku;10;24;0;0;30;37;67;22;23;28;0;9;9;9;15;9;9;110
65GOBWLP;Goblin Whelp;16;66;10;2;30;37;70;12;23;28;0;16;12;12;12;13;9;155
65HAORC;Half-Orc;14;80;14;3;100;66;66;18;23;94;4;20;14;16;8;10;9;160
65HAORC2;Half-Orc;14;110;14;3;100;66;66;15;23;94;18;20;14;16;8;10;9;160
65HTMST;Hatemaster;15;70;8;2;19;31;31;70;19;31;70;15;14;16;8;16;12;183
65HTMST2;Hatemaster;15;70;11;2;19;31;31;70;19;31;70;15;14;16;8;16;12;183
65HTMST3;Hatemaster;15;70;11;2;19;31;31;70;19;31;70;15;14;16;8;16;12;183
65HTMST4;Hatemaster;15;70;11;2;19;31;31;70;19;31;70;15;14;16;8;16;12;183
65HTMST5;Hatemaster;15;70;11;2;19;31;31;70;19;31;70;15;14;16;8;16;12;183
65HTMST6;Hatemaster;15;70;11;2;19;31;31;70;19;31;70;15;14;16;8;16;12;183
65HTMST7;Hatemaster;15;70;11;2;19;31;31;70;19;31;70;15;14;16;8;16;12;183
65ILLMAT;Ilmater Statue;30;1100;20;1;0;0;31;0;0;0;0;3;3;30;3;3;3;255
65IYTXM;Iyachtu Xvim;27;320;0;0;47;66;47;112;29;47;19;24;24;22;16;16;18;164
65IYTXMS;Iyachtu Xvim Statue;30;1384;18;2;30;37;47;12;23;28;0;22;20;30;19;17;17;255
65LEMURE;Lemure;13;35;5;2;30;37;57;12;23;28;0;10;10;10;3;11;5;255
65MNK;Xvimian Monk;16;80;12;2;102;47;29;30;47;102;102;16;18;14;9;9;12;3
65MNK1;Xvimian Monk;16;100;14;3;102;47;29;20;29;102;102;16;14;18;9;16;12;155
65NEOORC;Neo-Orog Priest;14;144;15;3;31;56;58;11;23;29;5;16;15;16;10;18;9;160
65NEOORE;Neo-Orog Priest;14;144;15;3;31;56;58;11;23;29;5;18;15;16;10;18;9;160
65ORGSH2;Neo-Orog Priest;14;180;14;3;31;56;58;11;23;29;5;18;15;16;10;18;9;160
65OROGSH;Neo-Orog Priest;14;180;14;3;31;56;58;11;23;29;5;18;15;16;10;18;9;160
65ORRUIN;Ruinlord;14;144;14;2;31;56;58;11;23;29;5;20;15;16;10;18;9;160
65RHDR;Red Half Dragon;16;165;11;2;100;66;67;52;23;94;0;20;16;18;8;14;12;187
65RUCOL;Ruinlord Mayzom Col;16;126;15;3;19;47;47;29;19;33;29;17;14;16;8;18;15;183
65RUCOL2;Ruinlord;15;126;15;3;19;47;47;29;19;33;29;17;14;16;8;18;15;183
65RUCOL3;Ruinlord;17;126;15;3;19;47;47;15;19;33;20;16;12;18;8;18;12;155
65RUCOL4;Ruinlord;17;116;15;3;19;47;47;20;19;33;7;18;12;18;8;16;12;160
65RUCOL5;Ruinlord;17;106;11;0;19;47;47;29;19;33;29;15;20;14;12;18;16;183
65RUCOL6;Ruinlord;17;126;15;3;19;47;47;29;19;33;29;17;14;16;8;18;15;183
65RUCOL7;Ruinlord;17;126;15;3;19;47;47;29;19;33;29;17;14;16;8;18;15;183
65SARSKL;Armored Skeleton;17;40;6;2;30;37;57;14;23;28;0;16;15;16;9;9;9;115
65SBWHT;Barrow Wight;24;96;12;2;30;37;103;12;23;28;0;17;18;18;9;9;9;167
65SILVA;Silvanas Statue;30;1100;20;1;0;0;31;0;0;0;0;3;3;30;3;3;3;255
65SKXVM;Slayer Knight of Xvim;15;126;14;2;47;66;47;112;29;47;19;20;16;18;10;18;18;164
65SKXVM2;Slayer Knight of Xvim;15;126;14;2;47;66;47;112;29;47;19;20;16;18;10;18;18;164
65SUNE;Sune Statue;30;1100;20;1;0;0;31;0;0;0;0;3;3;30;3;3;3;255
65WELP;Young Barghest Whelp;16;90;10;2;30;37;51;12;23;28;0;20;15;14;14;14;14;164
65WLMR;Wight Lemure;15;42;12;2;30;37;57;12;23;28;0;15;18;15;4;6;9;167
65WORSH;Ryscia Nightstep;10;42;3;0;0;94;61;107;21;66;5;14;20;15;8;8;3;183
65WORSH2;Grossey Foulair;10;42;3;0;0;19;59;107;21;66;82;14;17;15;8;8;3;183
65WORSH3;Skinny Rottentooth;10;25;0;0;0;94;47;107;21;66;5;14;17;15;8;8;3;3
65WORSH4;Jezabel Quice;10;42;3;0;0;19;70;107;21;66;110;12;20;15;8;18;3;183
65YQUOG;Yquog;20;200;0;0;30;37;104;12;23;28;0;22;15;16;18;14;18;164
66BISBE;Bisbe;20;190;20;5;0;47;59;7;0;0;55;16;16;18;13;18;10;155
66BUGB;Bugbear;18;96;12;2;30;37;39;12;23;28;0;22;15;15;7;7;7;180
66BUGBC;Bugbear Captain;17;128;16;3;30;37;38;12;23;28;0;21;15;18;7;7;7;180
66CHIM;Chimera;16;110;18;4;30;37;67;12;23;28;0;19;18;16;4;13;10;186
66CHIM1;Chimera;16;110;18;4;30;37;67;12;23;28;0;19;18;16;4;13;10;186
66CHUQ;Ubchug Babblemug;20;110;8;3;100;66;66;7;44;66;46;18;12;16;10;4;6;160
66DGAERN;Gaernat Sharptooth;17;71;12;2;30;37;20;12;23;28;0;14;20;14;10;10;10;167
66DGUTH;Guthma;18;84;10;3;30;37;112;12;23;28;0;24;13;16;11;11;7;167
66DHARSH;The Beastlord Harshom;16;60;18;3;25;25;63;12;95;99;110;22;18;16;18;9;16;167
66DSAABL;Saablic Tan;16;120;15;2;33;62;47;9;96;28;6;10;15;10;24;16;9;167
66DSHERI;Sherincal;18;64;12;3;30;37;69;12;23;28;0;26;18;13;11;11;18;167
66ELTOB;Eltob;16;90;0;0;29;47;66;20;29;23;7;15;18;16;11;15;10;155
66EORO;Elite Neo Orog;18;80;12;2;33;66;68;19;23;33;0;18;14;16;12;12;9;160
66EORO1;Elite Neo Orog;18;80;12;2;33;66;68;19;23;33;0;18;14;16;12;12;9;160
66EORO2;Elite Neo Orog;18;80;12;2;33;66;68;19;23;33;0;18;14;16;12;12;9;160
66HAGOB;Half-Goblin;15;190;0;0;29;47;66;20;0;21;7;16;16;18;12;12;10;155
66HAGOB1;Half-Goblin;14;190;0;0;29;47;66;20;0;21;15;15;16;18;12;12;10;155
66HAGOB2;Half-Goblin;14;160;0;0;29;47;66;20;0;21;19;16;16;16;12;12;10;155
66HAGOB3;Half-Goblin;13;120;0;0;29;47;66;20;0;21;18;16;16;18;12;12;10;155
66HAORC;Half-Orc;14;80;14;3;100;66;66;7;23;94;0;20;14;16;8;10;9;160
66HAORC1;Half-Orc;14;80;12;2;100;66;66;18;23;94;4;18;14;16;8;10;9;160
66HAORC2;Half-Orc;14;110;14;3;100;66;66;15;23;94;18;20;14;16;8;10;9;160
66HAORC3;Half-Orc;14;70;14;3;100;66;66;20;23;94;15;20;14;16;8;10;9;160
66HAYUA;Yuan-Ti Halfbreed;18;80;12;2;30;37;67;15;23;28;0;14;16;16;10;12;9;168
66HAYUA1;Yuan-Ti Halfbreed;18;80;12;2;30;37;67;15;23;28;0;14;16;16;10;12;9;168
66HAYUA2;Yuan-Ti Halfbreed;18;80;12;2;30;37;67;15;23;28;0;14;16;16;10;12;9;168
66HAYUA3;Yuan-Ti Halfbreed;18;80;12;2;30;37;67;15;23;28;0;14;16;16;10;12;9;168
66MNK;Xvimian Monk;16;80;12;2;102;47;29;30;47;102;102;16;18;14;9;9;12;3
66MNK1;Xvimian Monk;16;100;14;3;102;47;29;18;47;102;102;16;18;14;9;9;12;183
66MNK2;Xvimian Monk;16;80;12;2;102;47;29;17;47;102;102;16;18;14;9;9;12;3
66MNK3;Xvimian Monk;16;110;14;2;102;47;29;7;47;102;18;18;18;16;9;17;12;155
66MNK4;Xvimian Monk;18;80;16;3;102;47;29;70;19;102;17;16;21;14;9;16;12;164
66MORVYN;Morvyn;18;126;0;0;102;47;19;30;35;102;102;16;22;14;12;22;12;183
66OROC;Sprawg;16;160;16;2;33;66;67;19;23;33;0;22;14;18;12;12;9;160
66OROGR7;Red Neo Orog;16;65;10;2;33;66;25;19;23;33;0;17;14;16;12;12;9;160
66PUDU;Captain Pudu;18;190;22;5;29;47;66;20;0;21;7;20;18;20;15;12;10;155
66RHDR;Red Half Dragon;17;165;12;3;100;66;67;52;23;94;0;20;16;18;8;14;12;187
66RNEOOR;Neo-Orog Priest;20;144;15;3;31;56;58;11;23;29;5;16;15;16;10;18;9;160
66RSKXVM;Slayer Knight of Xvim;15;126;15;2;47;66;47;112;29;47;19;20;16;18;10;18;15;164
66STUB;Stubnok;14;80;12;2;33;66;70;19;23;33;0;18;14;16;12;12;9;160
66STUBH;Stubnok;18;112;16;2;33;66;70;19;23;33;0;24;14;16;12;12;9;160
66VYXEIN;Vyxein;18;165;16;3;100;66;67;52;23;94;0;20;16;18;8;14;12;187
673NORC;Neo-Orog Priest;14;144;0;0;31;56;58;11;23;29;5;20;15;16;10;18;9;160
673RHDR;Red Half Dragon;17;165;12;2;100;66;67;52;23;94;0;20;16;18;8;14;12;187
673SKXVM;Slayer Knight of Xvim;15;126;15;2;47;66;47;112;29;47;19;20;16;18;10;18;15;164
67ABGD;Apocalyptic Boneguard;22;136;15;5;30;37;68;12;23;28;0;28;18;18;9;9;9;167
67BHDR;Half-Dragon;16;94;12;2;100;66;70;52;23;94;0;18;14;18;8;10;9;187
67BHDR2;Half-Dragon;16;94;12;2;100;66;70;52;23;94;0;18;14;18;8;10;9;187
67BHDR3;Half-Dragon;16;94;12;2;100;66;70;52;23;94;0;18;14;18;8;10;9;187
67BHDR4;Half-Dragon;16;94;12;2;100;66;70;52;23;94;0;18;14;18;8;10;9;187
67BUVAI;Buvai de'Naly;14;108;10;2;33;62;47;21;58;28;5;9;16;10;22;15;9;183
67CARL;Carl;5;5;0;1;12;12;12;12;29;12;0;9;9;9;9;9;9;1
67CHIM;Chimera;16;110;18;4;30;37;67;12;23;28;0;18;13;17;4;13;10;186
67CHIM2;Chimera;16;110;18;4;30;37;67;12;23;28;0;18;13;17;4;13;10;186
67DEKNT;Demon Knight;20;110;14;3;30;47;47;18;0;29;112;18;19;10;20;15;8;167
67DEKNT2;Demon Knight;20;110;14;3;30;47;47;18;0;29;112;18;19;10;20;15;8;167
67DEKNT3;Demon Knight;20;110;14;3;30;47;47;18;0;29;112;18;19;10;20;15;8;167
67EHAGOB;Elite Half Goblin;14;190;15;3;29;47;66;20;0;21;7;16;16;18;12;12;10;155
67ENEOO;Elite Neo Orog;18;105;14;2;33;66;25;19;23;33;0;18;14;17;12;12;9;160
67ENEOO2;Elite Neo Orog;18;105;14;2;33;66;25;19;23;33;0;18;14;17;12;12;9;160
67ENEOO3;Elite Neo Orog;18;105;14;2;33;66;25;19;23;33;0;18;14;17;12;12;9;160
67ENEOON;Red Neo Orog;18;110;14;2;33;66;26;19;23;33;0;18;14;17;12;12;9;160
67FEYR;Feyr;18;48;6;2;30;37;59;15;23;28;0;14;16;12;12;10;3;255
67GFYR;Greater Feyr;22;128;15;4;30;37;101;15;23;28;0;16;19;15;14;18;3;255
67GRBGD;Greater Boneguard;20;72;10;4;30;37;105;14;23;28;0;22;17;18;9;9;9;167
67GRBGD2;Greater Boneguard;20;72;10;4;30;37;105;14;23;28;0;22;17;18;9;9;9;167
67HADR;Half-Dragon;16;144;10;2;100;66;70;52;23;94;0;18;14;18;8;10;9;187
67HAGOBE;Elite Half Goblin;14;190;15;3;29;47;66;20;0;21;7;16;16;18;12;12;10;155
67HAORC;Half-Orc;14;80;10;2;100;66;66;7;23;94;0;20;14;16;8;10;9;160
67HAORC2;Half-Orc;14;80;12;2;100;66;66;7;23;94;0;20;14;16;8;10;9;160
67HARC;Harcourt Rustblade;20;240;20;4;101;12;35;15;19;111;37;18;14;16;18;10;16;160
67KRAG;Krag;16;105;18;4;33;66;25;19;23;33;0;18;15;18;12;12;9;160
67LMRS;Lemure Slave;13;32;8;2;30;37;57;12;23;28;0;10;10;10;3;11;5;255
67LMRS2;Lemure Slave;13;32;8;2;30;37;57;12;23;28;0;10;10;10;3;11;5;255
67LMRS3;Lemure Slave;13;32;8;2;30;37;57;12;23;28;0;10;10;10;3;11;5;255
67LMRS4;Lemure Slave;13;32;8;2;30;37;57;12;23;28;0;10;10;10;3;11;5;255
67LMRS5;Lemure Slave;13;32;8;2;30;37;57;12;23;28;0;10;10;10;3;11;5;255
67LMRS6;Lemure Slave;13;32;8;2;30;37;57;12;23;28;0;10;10;10;3;11;5;255
67LMRS7;Lemure Slave;13;32;8;2;30;37;57;12;23;28;0;10;10;10;3;11;5;255
67LMRS8;Lemure Slave;13;32;8;2;30;37;57;12;23;28;0;10;10;10;3;11;5;255
67LMRS9;Lemure Slave;13;32;8;2;30;37;57;12;23;28;0;10;10;10;3;11;5;255
67MNKCRG;Crystalline Monk;20;176;16;3;102;47;66;110;110;102;102;20;14;18;10;16;9;156
67MNKSA;Sand Monk;14;144;16;3;99;99;99;99;99;99;99;16;18;14;10;18;10;156
67MNKSH;Shadow Monk;16;144;0;0;66;47;65;75;66;66;66;14;18;14;10;16;12;183
67NALAK;Nalakora;17;165;16;3;100;66;67;52;23;94;0;26;16;18;12;14;12;187
67NEOORC;Neo-Orog Priest;20;144;15;3;31;56;58;11;23;29;5;16;15;16;10;18;9;160
67OBBAK;Obbak;16;65;10;2;33;66;25;19;23;33;0;18;14;16;12;12;9;160
67ORMIS;Ormis Dohor;16;198;0;0;102;47;96;30;47;102;102;16;22;14;12;22;12;183
67ORMISL;Ormis Dohor;18;126;20;5;102;47;101;30;47;102;102;18;20;14;12;18;12;183
67OROC;Orog Commander;16;160;16;3;33;66;67;19;23;33;0;18;14;18;12;12;9;160
67OROGCO;Orog General;18;198;22;4;33;66;20;19;23;33;0;18;16;16;12;12;9;160
67OROGCP;Orog Commander;16;160;14;2;33;66;67;19;23;33;0;18;14;18;12;12;9;160
67OROGSH;Neo-Orog Priest;22;144;18;3;31;56;58;11;23;29;5;16;15;16;10;18;9;160
67PUDDY;Puddy Talltale;5;25;1;0;0;59;55;13;0;0;2;9;12;10;16;12;3;6
67PUSJU;Pustule the Sick;20;260;0;0;112;47;50;32;90;16;36;26;16;18;6;10;4;160
67REDWI2;Red Wizard ;14;64;10;2;33;62;46;8;104;28;21;9;16;10;18;15;9;1
67REDWI3;Red Wizard ;14;64;10;2;33;62;46;8;104;28;21;9;16;10;18;15;9;1
67RHDR;Red Half Dragon;17;165;12;2;100;66;67;52;23;94;0;20;16;18;8;14;12;187
67ROROG;Red Neo Orog;17;65;14;3;33;66;25;19;23;33;0;17;14;16;12;12;9;160
67ROROG2;Red Neo Orog;17;65;14;3;33;66;25;19;23;33;0;17;14;16;12;12;9;160
67ROROG3;Red Neo Orog;17;65;14;3;33;66;25;19;23;33;0;17;14;16;12;12;9;160
67SKXVM;Slayer Knight of Xvim;15;126;15;2;47;66;47;112;29;47;19;20;16;18;10;18;15;164
67SKXVM2;Slayer Knight of Xvim;15;126;15;2;47;66;47;112;29;47;19;20;16;18;10;18;15;164
67SKXVMH;Slayer Knight of Xvim;15;126;15;2;47;66;47;112;29;47;19;20;16;18;10;18;15;164
67SPLMRS;Spectral Lemure Slave;18;62;12;2;30;37;104;12;23;28;0;15;18;15;4;6;9;167
67STUB;Orog Commander;16;180;18;4;33;66;67;19;23;33;0;20;16;18;12;12;9;160
67TORAL;Toral Sorn;10;144;10;0;29;58;58;14;29;29;0;16;16;16;10;18;9;2
67TRMAL;T'rsosl Malign;14;180;20;4;29;59;47;21;0;33;5;17;20;16;15;12;12;183
67WLMRS;Wight Lemure Slave;17;62;14;2;30;37;57;12;23;28;0;15;18;15;4;6;9;164
CHARBASE;;10;10;0;0;30;37;57;12;23;28;0;9;9;9;9;9;9;1
COPSPIR;Temporary COP Spirit;20;1;20;1;0;0;74;0;0;0;0;3;3;3;3;3;3;255
DRUIDAB;Arctic Boar;16;60;20;2;0;0;55;0;0;0;0;15;10;17;10;10;10;103
DRUIDAE;Huge Air Elemental;21;136;19;3;0;0;55;0;0;0;0;18;29;18;6;11;11;152
DRUIDBB;Boring Beetle;17;38;5;1;0;0;55;0;0;0;0;15;10;10;10;10;10;150
DRUIDBP;Black Panther;14;60;11;3;0;0;55;0;0;0;0;18;10;10;11;10;10;103
DRUIDDB;Dire Bear;17;102;18;3;0;0;55;0;0;0;0;30;13;19;3;12;6;103
DRUIDDP;Dire Panther;15;160;8;3;0;0;55;0;0;0;0;24;21;17;3;12;6;255
DRUIDEE;Earth Elemental;18;100;12;1;0;0;55;0;0;0;0;20;10;10;10;10;10;152
DRUIDFE;Fire Elemental;18;85;10;1;0;0;55;0;0;0;0;20;10;10;10;10;10;152
DRUIDPB;Polar Bear;15;70;5;3;0;0;55;0;0;0;0;27;13;19;3;12;6;103
DRUIDSM;Shambling Mound;20;60;11;2;0;0;55;0;0;0;0;18;10;10;11;10;10;159
DRUIDWE;Water Elemental;18;118;14;1;0;0;55;0;0;0;0;20;10;10;10;10;10;152
DRUIDWW;Winter Wolf;15;45;5;1;0;0;55;0;0;0;0;13;18;16;10;10;10;117
DYNOKEG;Keg of Blasting;0;40;0;0;30;37;40;12;23;28;0;3;3;3;3;3;3;190
SCHISTAC;Histachii;17;16;7;3;0;0;55;0;0;0;0;17;15;16;5;6;4;168
TESTOCLE;Testocles;10;9000;0;0;30;37;44;12;23;28;0;0;111;110;0;78;101;0
TEST_01;Testocles;10;9000;0;0;30;37;44;12;23;28;0;0;111;110;0;78;101;0
TEST_02;Testocles;10;9000;0;0;30;37;44;12;23;28;0;0;111;110;0;78;101;0
TEST_03;Testocles;10;9000;0;0;30;37;51;12;23;28;0;0;111;110;0;78;101;0
